CREATE DATABASE DB_PROJECT

--Drop database DB_PROJECT;

USE DB_PROJECT;

CREATE TABLE vendor (
	v_id INT IDENTITY NOT NULL,  
	v_name VARCHAR(128) NOT NULL,
	PRIMARY KEY (v_id)
);

CREATE TABLE product_brand (
	b_id int IDENTITY NOT NULL, 
	b_name VARCHAR(128) NOT NULL,
	PRIMARY KEY (b_id)
);

CREATE TABLE product_category (
	pc_id INT IDENTITY NOT NULL,
	pc_name VARCHAR(128) NOT NULL,
	PRIMARY KEY (pc_id)
);

CREATE TABLE product(
	p_id int IDENTITY NOT NULL,
	brand_id int NOT NULL,
	category_id int NOT NULL,
	price int NOT NULL,
	quantity int NOT NULL DEFAULT 0,
	PRIMARY KEY (p_id),
	FOREIGN KEY (brand_id) REFERENCES product_brand(b_id),
	FOREIGN KEY (category_id) REFERENCES product_category(pc_id)
);

CREATE TABLE employee(
	e_id INT IDENTITY NOT NULL,
	e_name VARCHAR(255) NOT NULL,
	email VARCHAR(255) NULL,
	cnic VARCHAR(15) UNIQUE,
	addres TEXT,
	mobile VARCHAR(255) UNIQUE,
	join_date DATETIME NOT NULL DEFAULT GETDATE(),
	base_salary INT NOT NULL,
	PRIMARY KEY (e_id)
);

CREATE TABLE salary_list(
	sl_id INT IDENTITY NOT NULL,	
	date_time DATETIME NOT NULL DEFAULT GETDATE(),
	salary INT NOT NULL,
	employee_id INT NOT NULL,
	discount INT NOT NULL DEFAULT 0,
	PRIMARY KEY (sl_id),
	FOREIGN KEY (employee_id) REFERENCES employee(e_id)
);

CREATE TABLE sale(
	s_id INT IDENTITY NOT NULL, 
	employee_id INT NOT NULL,
	date_time DATETIME NOT NULL DEFAULT GETDATE(),
	PRIMARY KEY (s_id),
	FOREIGN KEY (employee_id) REFERENCES employee(e_id)
);

CREATE TABLE sale_item(
	si_id INT IDENTITY NOT NULL,
	product_id INT NOT NULL,
	sale_id INT NOT NULL,
	quantity INT NOT NULL,
	PRIMARY KEY (si_id),
	FOREIGN KEY (product_id) REFERENCES product(p_id),
	FOREIGN KEY (sale_id) REFERENCES sale(s_id) ON DELETE CASCADE
);

CREATE TABLE purchase(
	pu_id INT IDENTITY NOT NULL,
	vendor_id INT NOT NULL,
	date_time DATETIME NOT NULL DEFAULT GETDATE(),
	PRIMARY KEY (pu_id),
	FOREIGN KEY (vendor_id) REFERENCES vendor(v_id)
);

CREATE TABLE purchase_item(
	pi_id INT IDENTITY NOT NULL,
	product_id INT NOT NULL ,
	purchase_id INT NOT NULL ,
	quantity INT NOT NULL,
	price INT NOT NULL,
	PRIMARY KEY (pi_id),
	FOREIGN KEY (product_id) REFERENCES product(p_id),
	FOREIGN KEY (purchase_id) REFERENCES purchase(pu_id) ON DELETE CASCADE
);

SET IDENTITY_INSERT vendor ON;

INSERT INTO vendor (v_id, v_name) 
VALUES
	(1, 'Russell-Flores'), 
	(2, 'Harrison, Reyes and Sanchez'), 
	(3, 'Martinez, Hall and Yu'), 
	(4, 'Patterson, Schultz and Moreno'), 
	(5, 'Robertson Group'), 
	(6, 'Flores, Rodriguez and Thomas'), 
	(7, 'Mack PLC'), 
	(8, 'Good Group'), 
	(9, 'Lewis-Holmes'), 
	(10, 'Parsons LLC');

SET IDENTITY_INSERT vendor OFF;
SET IDENTITY_INSERT product_brand ON;

INSERT INTO product_brand (b_id, b_name) 
VALUES
	(1, 'Toyota'), 
	(2, 'BMW'), 
	(3, 'Mercedes'), 
	(4, 'Ford'), 
	(5, 'Honda'), 
	(6, 'Nissan'), 
	(7, 'Suzuki'), 
	(8, 'Ferrari');

SET IDENTITY_INSERT product_brand OFF;
SET IDENTITY_INSERT product_category ON;

INSERT INTO product_category (pc_id, pc_name) 
VALUES
	(1,'SUV'), 
	(2,'MINIVAN'), 
	(3,'SEDAN'), 
	(4,'SPORTS CAR'), 
	(5,'HATCHBACK'), 
	(6,'COUPE'), 
	(7,'STATION WAGON');

SET IDENTITY_INSERT product_category OFF;
SET IDENTITY_INSERT product ON;

INSERT INTO product (p_id, brand_id, category_id, price) 
VALUES
	(1, 1, 1, 30), (2, 1, 2, 40), (3, 1, 3, 50), (4, 1, 4, 65), (5, 1, 5, 80), (6, 1, 6, 95), (7, 1, 7, 120), (8, 2, 1, 30), (9, 2, 2, 40), (10, 2, 3,50), 
	(11, 2, 4, 65), (12, 2, 5, 80), (13, 2, 6, 95), (14, 2, 7, 120), (15, 3, 1, 30), (16, 3, 2, 40), (17, 3, 3, 50), (18, 3, 4, 65), (19, 3, 5, 80), (20, 3, 6, 95), 
	(21, 3, 7, 120), (22, 4, 1, 30), (23, 4, 2, 40), (24, 4, 3, 50), (25, 4, 4, 65), (26, 4, 5, 80), (27, 4, 6, 95), (28, 4, 7, 120), (29, 5, 1, 30), (30, 5, 2, 40), 
	(31, 5, 3, 50), (32, 5, 4, 65), (33, 5, 5, 80), (34, 5, 6, 95), (35, 5, 7, 120), (36, 6, 1, 30), (37, 6, 2, 40), (38, 6, 3, 50), (39, 6, 4, 65), (40, 6, 5, 80), 
	(41, 6, 6, 95), (42, 6, 7, 120), (43, 7, 1, 30), (44, 7, 2, 40), (45, 7, 3, 50), (46, 7, 4, 65), (47, 7, 5, 80), (48, 7, 6, 95), (49, 7, 7, 120), (50, 8, 1, 30),
	(51, 8, 2, 40), (52, 8, 3, 50), (53, 8, 4, 65), (54, 8, 5, 80), (55, 8, 6, 95), (56, 8, 7, 120);

SET IDENTITY_INSERT product OFF;
SET IDENTITY_INSERT employee ON;

INSERT INTO employee (e_id, e_name, email, mobile, join_date, base_salary, cnic, addres) VALUES
	(1, 'Terri Allen', 'schmidtheidi@yahoo.com', '(149)397-1123x868', '2018-08-11 00:00:00',  20000, '44405-7006583-6', '82724 Rodriguez Avenue Rodriguezfort, IN 63445'), 
	(2, 'Craig Thompson', 'whitesharon@gmail.com', '011.310.6261x3215', '2019-04-05 00:00:00',  35000, '52242-8696802-2', '734 Scott Islands Apt. 754 Clarkville, LA 03876'), 
	(3, 'Thomas Snyder', 'brandon37@johnson.com', '(062)200-2966x06804', '2019-08-15 00:00:00',  40000, '26177-5887974-9', '02348 Jackson View Apt. 349 Jacquelineton, OH 04636'), 
	(4, 'David Torres', 'ningram@barber-diaz.biz', '+1-163-461-1607x246', '2018-03-20 00:00:00', 15000, '64785-5791943-0', '48918 Brandon Corner Apt. 355 South Kathyside, MA 66843'), 
	(5, 'Timothy Kelley', 'peter55@gmail.com', '891-473-6203', '2017-04-26 00:00:00', 10000, '86424-1529817-3', '28318 Gallagher Inlet Apt. 976 North Nathan, HI 05475'), 
	(6, 'Shannon Arnold', 'alice84@gmail.com', '069-024-5614', '2017-06-27 00:00:00',  10000, '62680-7306482-1', '906 Johnson Haven Apt. 877 South Laura, VT 87916'), 
	(7, 'Alexander Roberts', 'boyleariel@hotmail.com', '001-610-433-1657', '2015-11-19 00:00:00',  10000, '27776-1285329-6', '3020 Lewis Coves Washingtonville, MN 25403'), 
	(8, 'Christian Williams', 'angiesullivan@gmail.com', '+1-540-025-8844x32431', '2018-06-02 00:00:00',  30000, '23272-1085168-2', '48384 Kevin Harbor Apt. 347 Carolynside, VT 63434'), 
	(9, 'William Rose', 'krystalwallace@yahoo.com', '+1-253-937-3751', '2019-06-16 00:00:00',  15000, '77462-0836873-1', '112 Elizabeth Stream Munoztown, WA 01616'), 
	(10, 'Leslie Brooks', 'ohumphrey@hotmail.com', '730-774-3454x8870', '2020-02-23 00:00:00',  10000, '75874-2253154-9', '7109 Jenkins Mountains Apt. 228 Lake Daniel, IL 89120'), 
	(11, 'Mrs. April Estrada', 'susan28@yahoo.com', '+1-588-362-6396x38685', '2020-06-25 00:00:00',  45000, '94343-9839859-4', '358 Tommy Center Suite 810 Saraport, DE 92602'), 
	(12, 'Jennifer Rivera', 'triciamorris@hotmail.com', '001-482-851-7055x8455', '2017-05-07 00:00:00',  30000, '25797-7411470-4', '3541 Carlos Junction New Brandon, AK 42474'), 
	(13, 'Marissa Robertson', 'jacob30@villarreal.org', '001-776-927-5572x8287', '2020-04-01 00:00:00',  40000, '76898-8266666-2', '108 Rachel Court South Tiffanyberg, SD 72748'), 
	(14, 'Leslie Armstrong', 'hwalters@gmail.com', '165.509.5851x87218', '2015-10-14 00:00:00',  50000, '13852-0128936-1', '94871 Dana Point Apt. 161 Gailhaven, IL 45081'), 
	(15, 'Alexander Reyes', 'brandy00@gibson.biz', '981-095-1750x01909', '2017-12-29 00:00:00',  30000, '08467-3078497-0', 'Unit 8399 Box 4625 DPO AP 82843'), 
	(16, 'Katelyn Hammond', 'zweaver@castillo-harper.org', '886.994.7731', '2017-12-20 00:00:00',  20000, '88171-2796773-3', '9627 Anderson Locks Gambleshire, NV 29510'), 
	(17, 'Morgan Trevino', 'jclayton@yahoo.com', '(353)020-8184x81378', '2018-06-17 00:00:00',  35000, '40444-1184443-4', '826 Denise Avenue Suite 942 Maldonadochester, OR 04865'), 
	(18, 'Amber Young', 'gellison@gmail.com', '799.579.2342', '2018-02-06 00:00:00',  35000, '15867-6064430-8', 'PSC 2382, Box 7718 APO AP 56244'), 
	(19, 'Michelle Morgan', 'sortega@gmail.com', '+1-559-338-0487', '2020-07-07 00:00:00',  10000, '31325-8934666-0', '674 Ingram Cape Apt. 758 North Mary, VA 17125'), 
	(20, 'Heather Lee', 'hochristina@chaney.com', '336.828.4180x653', '2018-09-30 00:00:00',  35000, '29704-9795850-4', '7145 Smith Squares Olsonville, DE 38454'), 
	(21, 'Sarah Robles', 'patrick66@gmail.com', '001-268-898-4152', '2019-10-21 00:00:00',  20000, '31197-7642044-9', '775 Michael Ways Port Dawn, NY 03091'), 
	(22, 'Dylan Roberts', 'chelsea02@hotmail.com', '829.320.1351x9290', '2020-01-05 00:00:00',  35000, '59846-8738891-2', '162 Sabrina Prairie Crystalville, NJ 04607'), 
	(23, 'John Brady', 'gonzalesdavid@yahoo.com', '001-655-188-4758x173', '2020-03-14 00:00:00',  20000, '86534-7273819-8', '154 Robert Wall Suite 587 Rachelton, NC 05162'), 
	(24, 'Andrew Francis', 'donald50@yahoo.com', '+1-780-415-3865x1249', '2018-12-26 00:00:00',  20000, '03536-2373314-7', '68867 Church Knoll South Jorge, ME 27723'), 
	(25, 'Juan Miller', 'baileyfuller@yahoo.com', '(062)841-1328', '2016-03-17 00:00:00',  15000, '65591-2081717-5', '4204 Jordan Glen Carolynmouth, AZ 60129'), 
	(26, 'John Davis', 'christopher72@hotmail.com', '001-217-884-7486x904', '2019-03-07 00:00:00',  10000, '35315-5636397-9', '1280 Gregory Bridge Suite 137 Davidland, ID 53234'), 
	(27, 'Jacob Reilly', 'gary77@gonzales.com', '149.572.3542', '2017-08-25 00:00:00',  40000, '52416-1078082-8', '0029 Murphy Square Port Courtney, TN 90516'), 
	(28, 'Justin Contreras', 'gilesmolly@yahoo.com', '983-809-6519x84770', '2016-05-29 00:00:00',  15000, '19188-0716742-3', 'PSC 8392, Box 1155 APO AE 57729'), 
	(29, 'Debra George', 'mosesshelly@hotmail.com', '057-408-1267', '2017-10-12 00:00:00',  20000, '62455-0950685-8', '96996 John Ranch West Tara, CA 69810'), 
	(30, 'Kathy Jacobson', 'brian15@gmail.com', '001-821-624-7108x90666', '2020-03-22 00:00:00',  35000, '56259-0179219-7', '073 Alan Manor Suite 971 North Jamesmouth, VT 76472'), 
	(31, 'Amy Stewart', 'ndodson@watson.com', '581.733.8661x9982', '2016-02-10 00:00:00',  10000, '43801-3778661-8', 'Unit 5793 Box 2620 DPO AP 87027'), 
	(32, 'David Wagner', 'jharris@obrien-atkins.com', '+1-079-108-1401x9631', '2018-02-15 00:00:00',  10000, '99307-3641351-5', 'USNS Cabrera FPO AP 76174'), 
	(33, 'Dustin Soto', 'price@hotmail.com', '360-366-9037', '2020-01-27 00:00:00',  45000, '21696-6426770-8', '7844 Rodriguez Key New Angelaberg, OK 42468'), 
	(34, 'Mrs. Julie Brown DDS', 'brittany70@hotmail.com', '974.614.5084', '2015-11-16 00:00:00',  50000, '50747-6976670-5', '5475 Ashley Inlet Suite 731 New Blakeburgh, MD 76003'), 
	(35, 'Anthony Thomas', 'caseybuck@kaiser-perez.com', '877.377.8084x817', '2017-08-30 00:00:00',  20000, '85068-4737131-5', '56286 Thompson Islands Apt. 716 Port Katherine, MT 08253'),
	(36, 'Kayla Henry', 'ncolon@gmail.com', '(213)542-3788x845', '2019-12-10 00:00:00',  30000, '40838-8730932-3', '0672 Thompson Circles Sarahchester, MS 53212'), 
	(37, 'Michael Murray', 'kelleysamuel@ruiz-ingram.org', '(439)710-5215x95611', '2020-03-02 00:00:00',  25000, '28467-2617201-5', '20310 Amber Loop Lake Ruben, OH 92004'), 
	(38, 'Donald Flores', 'morganmiller@gmail.com', '460.204.1724', '2017-05-08 00:00:00',  20000, '40022-8130558-8', 'PSC 3207, Box 7321 APO AA 30513'), 
	(39, 'Joseph Martin', 'pmiller@lee-sandoval.biz', '133-023-6865x8088', '2015-11-18 00:00:00',  40000, '88408-8047091-5', '7978 Charles Club North Christopherburgh, MD 76236'), 
	(40, 'Kathryn Smith', 'amy65@young-lewis.net', '(461)388-8939x985', '2019-09-08 00:00:00',  10000, '71270-8839855-0', 'USNS Saunders FPO AE 47083'), 
	(41, 'Richard Cross', 'basslori@wagner.com', '001-376-928-2542x0674', '2016-09-26 00:00:00',  10000, '39404-3441883-0', '319 Cynthia Ranch Suite 962 New William, SC 93204'), 
	(42, 'Beth Mills', 'jspencer@lee.org', '6928416980', '2017-06-28 00:00:00',  25000, '37635-6066896-1', '53157 Richmond Junction New Sonyamouth, WI 53516'), 
	(43, 'William Vazquez', 'rcooke@gmail.com', '853.901.7514x39823', '2018-07-18 00:00:00',  45000, '38009-2556818-3', '6412 Kyle Throughway Suite 896 Jesusshire, NH 88393'), 
	(44, 'Vicki Stevens', 'kjones@bradley.info', '238-029-5575', '2020-03-11 00:00:00',  40000, '22951-1608604-5', '559 Williams Wall North Darrell, GA 97633'), 
	(45, 'Timothy Mcdonald', 'hvillanueva@bradshaw.com', '+1-308-578-9791x2354', '2017-03-17 00:00:00',  50000, '86956-7967155-0', '6649 Johnson Drive Apt. 329 Jacobhaven, HI 50403'),  
	(46, 'Christopher Robinson', 'nathan20@yahoo.com', '001-199-448-8229x60485', '2016-02-25 00:00:00',  20000, '95075-7687377-0', '719 Castaneda MeadowSouth Melissa, IN 11145'), 
	(47, 'Henry Williams', 'tford@hotmail.com', '988-774-4590', '2019-01-24 00:00:00',  25000, '68082-9046217-6', '07675 Thomas Ports Reedhaven, AR 23329'), 
	(48, 'Kayla Estrada', 'susan21@gmail.com', '116.262.5850', '2018-07-12 00:00:00',  30000, '33917-1763003-2', '7039 Torres Viaduct Apt. 781 Grahamland, AL 31083'), 
	(49, 'Todd Mccoy', 'jrussell@mcclure-ayala.org', '001-610-947-4964x612', '2017-04-10 00:00:00',  50000, '10735-5482421-7', '74398 Robert Cove Sharpfurt, AK 15857'), 
	(50, 'Jeffrey Arnold', 'rachel42@rodriguez.info', '001-427-398-6548x9030', '2019-07-15 00:00:00',  45000, '92968-7392218-1', '97241 Sanchez Dam Suite 979 Marcusfurt, AK 43456'),
	(51, 'Desiree Wright', 'pmarshall@hotmail.com', '(016)922-7188x60297', '2017-10-09 00:00:00',  30000, '69691-8757961-0', 'Unit 0843 Box 4762 DPO AP 41968'), 
	(52, 'Patrick Barnes', 'pcole@yahoo.com', '424-625-4755', '2016-07-13 00:00:00',  50000, '04260-1774620-9', '6553 Stone Highway Boydstad, PA 98846'), 
	(53, 'James Anderson', 'thomasbarbara@clements-kelley.com', '001-764-413-0158', '2016-08-11 00:00:00',  15000, '46472-9791446-2', '0490 Campos Square East Brianfort, NY 47395'), 
	(54, 'Kevin Schmidt', 'kelly02@miller.biz', '660.752.0804x1993', '2020-07-07 00:00:00',  35000, '94173-2956892-8', '20876 Abigail Rest Apt. 929 South Mariastad, NY 65807'), 
	(55, 'Courtney Scott', 'traci18@randolph.biz', '416.491.3988x3519', '2017-07-23 00:00:00',  40000, '16296-9470914-8', '37183 Angela Extensions Suite 995 Serranoport, NJ 81181'), 
	(56, 'Jeffrey Griffin', 'bweber@moore.net', '619-896-2921x736', '2017-01-22 00:00:00',  10000, '90081-4195830-9', '07052 White Extension Apt. 000 South Nicole, KY 53105'), 
	(57, 'Jonathan Walker', 'brownronald@roach.com', '+1-848-112-5333', '2020-02-29 00:00:00',  45000, '14662-7747213-9', '76332 Martin Terrace Apt. 216 Bryanthaven, AL 90184'), 
	(58, 'Stephen Moyer', 'tylerramos@todd-barnett.com', '219-650-6660', '2016-10-22 00:00:00',  45000, '38613-5434725-0', '05145 Juan Mall Phamland, AR 89081'), 
	(59, 'Stacey Garcia', 'qcortez@hotmail.com', '+1-270-223-0019x99047', '2020-05-08 00:00:00',  25000, '95667-3169615-2', '5855 Melissa Road Suite 563 Karenport, MT 08517'), 
	(60, 'Mikayla Scott', 'valeriemiller@hotmail.com', '099.820.2480', '2017-12-06 00:00:00',  45000, '01894-5728775-4', '29375 Brown Pines Howardview, AZ 58595');

SET IDENTITY_INSERT employee OFF;

SET IDENTITY_INSERT salary_list ON;

INSERT INTO salary_list (sl_id, date_time, salary, employee_id, discount) VALUES
	(1, '2015-11-01 00:00:00', 50000, 14, 0), (2, '2015-12-01 00:00:00', 10000, 7, 0), (3, '2015-12-01 00:00:00', 50000, 14, 0), (4, '2015-12-01 00:00:00', 50000, 34, 2000), (5, '2015-12-01 00:00:00', 40000, 39, 500), (6, '2016-01-01 00:00:00', 10000, 7, 0), (7, '2016-01-01 00:00:00', 50000, 14, 0), (8, '2016-01-01 00:00:00', 50000, 34, 4500), (9, '2016-01-01 00:00:00', 40000, 39, 4500), (10, '2016-02-01 00:00:00', 10000, 7, 1500), 
	(11, '2016-02-01 00:00:00', 50000, 14, 0), (12, '2016-02-01 00:00:00', 50000, 34, 1500), (13, '2016-02-01 00:00:00', 40000, 39, 3500), (14, '2016-03-01 00:00:00', 10000, 7, 0), (15, '2016-03-01 00:00:00', 50000, 14, 0), (16, '2016-03-01 00:00:00', 10000, 31, 0), (17, '2016-03-01 00:00:00', 50000, 34, 0), (18, '2016-03-01 00:00:00', 40000, 39, 0), (19, '2016-03-01 00:00:00', 20000, 46, 4000), (20, '2016-04-01 00:00:00', 10000, 7, 0), 
	(21, '2016-04-01 00:00:00', 50000, 14, 1000), (22, '2016-04-01 00:00:00', 15000, 25, 0), (23, '2016-04-01 00:00:00', 10000, 31, 0), (24, '2016-04-01 00:00:00', 50000, 34, 2000), (25, '2016-04-01 00:00:00', 40000, 39, 0), (26, '2016-04-01 00:00:00', 20000, 46, 3500), (27, '2016-05-01 00:00:00', 10000, 7, 0), (28, '2016-05-01 00:00:00', 50000, 14, 2000), (29, '2016-05-01 00:00:00', 15000, 25, 0), (30, '2016-05-01 00:00:00', 10000, 31, 0), 
	(31, '2016-05-01 00:00:00', 50000, 34, 0), (32, '2016-05-01 00:00:00', 40000, 39, 0), (33, '2016-05-01 00:00:00', 20000, 46, 0), (34, '2016-06-01 00:00:00', 10000, 7, 0), (35, '2016-06-01 00:00:00', 50000, 14, 0), (36, '2016-06-01 00:00:00', 15000, 25, 3000), (37, '2016-06-01 00:00:00', 15000, 28, 0), (38, '2016-06-01 00:00:00', 10000, 31, 0), (39, '2016-06-01 00:00:00', 50000, 34, 1000), (40, '2016-06-01 00:00:00', 40000, 39, 0), 
	(41, '2016-06-01 00:00:00', 20000, 46, 0), (42, '2016-07-01 00:00:00', 10000, 7, 1500), (43, '2016-07-01 00:00:00', 50000, 14, 0), (44, '2016-07-01 00:00:00', 15000, 25, 0), (45, '2016-07-01 00:00:00', 15000, 28, 3000), (46, '2016-07-01 00:00:00', 10000, 31, 3500), (47, '2016-07-01 00:00:00', 50000, 34, 0), (48, '2016-07-01 00:00:00', 40000, 39, 0), (49, '2016-07-01 00:00:00', 20000, 46, 0), (50, '2016-08-01 00:00:00', 10000, 7, 1500), 
	(51, '2016-08-01 00:00:00', 50000, 14, 0), (52, '2016-08-01 00:00:00', 15000, 25, 4000), (53, '2016-08-01 00:00:00', 15000, 28, 500), (54, '2016-08-01 00:00:00', 10000, 31, 0), (55, '2016-08-01 00:00:00', 50000, 34, 0), (56, '2016-08-01 00:00:00', 40000, 39, 0), (57, '2016-08-01 00:00:00', 20000, 46, 0), (58, '2016-08-01 00:00:00', 50000, 52, 1000), (59, '2016-09-01 00:00:00', 10000, 7, 0), (60, '2016-09-01 00:00:00', 50000, 14, 1500), 
	(61, '2016-09-01 00:00:00', 15000, 25, 0), (62, '2016-09-01 00:00:00', 15000, 28, 0), (63, '2016-09-01 00:00:00', 10000, 31, 0), (64, '2016-09-01 00:00:00', 50000, 34, 0), (65, '2016-09-01 00:00:00', 40000, 39, 500), (66, '2016-09-01 00:00:00', 20000, 46, 0), (67, '2016-09-01 00:00:00', 50000, 52, 0), (68, '2016-09-01 00:00:00', 15000, 53, 0), (69, '2016-10-01 00:00:00', 10000, 7, 0), (70, '2016-10-01 00:00:00', 50000, 14, 1500), 
	(71, '2016-10-01 00:00:00', 15000, 25, 0), (72, '2016-10-01 00:00:00', 15000, 28, 0), (73, '2016-10-01 00:00:00', 10000, 31, 0), (74, '2016-10-01 00:00:00', 50000, 34, 0), (75, '2016-10-01 00:00:00', 40000, 39, 0), (76, '2016-10-01 00:00:00', 10000, 41, 4000), (77, '2016-10-01 00:00:00', 20000, 46, 3000), (78, '2016-10-01 00:00:00', 50000, 52, 0), (79, '2016-10-01 00:00:00', 15000, 53, 0), (80, '2016-11-01 00:00:00', 10000, 7, 0), 
	(81, '2016-11-01 00:00:00', 50000, 14, 0), (82, '2016-11-01 00:00:00', 15000, 25, 500), (83, '2016-11-01 00:00:00', 15000, 28, 0), (84, '2016-11-01 00:00:00', 10000, 31, 1000), (85, '2016-11-01 00:00:00', 50000, 34, 0), (86, '2016-11-01 00:00:00', 40000, 39, 4500), (87, '2016-11-01 00:00:00', 10000, 41, 0), (88, '2016-11-01 00:00:00', 20000, 46, 0), (89, '2016-11-01 00:00:00', 50000, 52, 0), (90, '2016-11-01 00:00:00', 15000, 53, 0), 
	(91, '2016-11-01 00:00:00', 45000, 58, 0), (92, '2016-12-01 00:00:00', 10000, 7, 0), (93, '2016-12-01 00:00:00', 50000, 14, 2500), (94, '2016-12-01 00:00:00', 15000, 25, 500), (95, '2016-12-01 00:00:00', 15000, 28, 0), (96, '2016-12-01 00:00:00', 10000, 31, 0), (97, '2016-12-01 00:00:00', 50000, 34, 4000), (98, '2016-12-01 00:00:00', 40000, 39, 1000), (99, '2016-12-01 00:00:00', 10000, 41, 0), (100, '2016-12-01 00:00:00', 20000, 46, 0), 
	(101, '2016-12-01 00:00:00', 50000, 52, 0), (102, '2016-12-01 00:00:00', 15000, 53, 500), (103, '2016-12-01 00:00:00', 45000, 58, 0), (104, '2017-01-01 00:00:00', 10000, 7, 3000), (105, '2017-01-01 00:00:00', 50000, 14, 0), (106, '2017-01-01 00:00:00', 15000, 25, 2500), (107, '2017-01-01 00:00:00', 15000, 28, 0), (108, '2017-01-01 00:00:00', 10000, 31, 0), (109, '2017-01-01 00:00:00', 50000, 34, 0), (110, '2017-01-01 00:00:00', 40000, 39, 4500), 
	(111, '2017-01-01 00:00:00', 10000, 41, 0), (112, '2017-01-01 00:00:00', 20000, 46, 3500), (113, '2017-01-01 00:00:00', 50000, 52, 1500), (114, '2017-01-01 00:00:00', 15000, 53, 0), (115, '2017-01-01 00:00:00', 45000, 58, 2000), (116, '2017-02-01 00:00:00', 10000, 7, 0), (117, '2017-02-01 00:00:00', 50000, 14, 1500), (118, '2017-02-01 00:00:00', 15000, 25, 0), (119, '2017-02-01 00:00:00', 15000, 28, 0), (120, '2017-02-01 00:00:00', 10000, 31, 0), 
	(121, '2017-02-01 00:00:00', 50000, 34, 0), (122, '2017-02-01 00:00:00', 40000, 39, 0), (123, '2017-02-01 00:00:00', 10000, 41, 0), (124, '2017-02-01 00:00:00', 20000, 46, 0), (125, '2017-02-01 00:00:00', 50000, 52, 2500), (126, '2017-02-01 00:00:00', 15000, 53, 0), (127, '2017-02-01 00:00:00', 10000, 56, 4000), (128, '2017-02-01 00:00:00', 45000, 58, 500), (129, '2017-03-01 00:00:00', 10000, 7, 3500), (130, '2017-03-01 00:00:00', 50000, 14, 2000), 
	(131, '2017-03-01 00:00:00', 15000, 25, 0), (132, '2017-03-01 00:00:00', 15000, 28, 2000), (133, '2017-03-01 00:00:00', 10000, 31, 0), (134, '2017-03-01 00:00:00', 50000, 34, 0), (135, '2017-03-01 00:00:00', 40000, 39, 0), (136, '2017-03-01 00:00:00', 10000, 41, 0), (137, '2017-03-01 00:00:00', 20000, 46, 0), (138, '2017-03-01 00:00:00', 50000, 52, 0), (139, '2017-03-01 00:00:00', 15000, 53, 0), (140, '2017-03-01 00:00:00', 10000, 56, 0), 
	(141, '2017-03-01 00:00:00', 45000, 58, 0), (142, '2017-04-01 00:00:00', 10000, 7, 0), (143, '2017-04-01 00:00:00', 50000, 14, 0), (144, '2017-04-01 00:00:00', 15000, 25, 3500), (145, '2017-04-01 00:00:00', 15000, 28, 0), (146, '2017-04-01 00:00:00', 10000, 31, 0), (147, '2017-04-01 00:00:00', 50000, 34, 0), (148, '2017-04-01 00:00:00', 40000, 39, 4000), (149, '2017-04-01 00:00:00', 10000, 41, 4000), (150, '2017-04-01 00:00:00', 50000, 45, 1500), 
	(151, '2017-04-01 00:00:00', 20000, 46, 0), (152, '2017-04-01 00:00:00', 50000, 52, 2000), (153, '2017-04-01 00:00:00', 15000, 53, 0), (154, '2017-04-01 00:00:00', 10000, 56, 0), (155, '2017-04-01 00:00:00', 45000, 58, 4500), (156, '2017-05-01 00:00:00', 10000, 5, 2500), (157, '2017-05-01 00:00:00', 10000, 7, 0), (158, '2017-05-01 00:00:00', 50000, 14, 0), (159, '2017-05-01 00:00:00', 15000, 25, 0), (160, '2017-05-01 00:00:00', 15000, 28, 0), 
	(161, '2017-05-01 00:00:00', 10000, 31, 2500), (162, '2017-05-01 00:00:00', 50000, 34, 0), (163, '2017-05-01 00:00:00', 40000, 39, 0), (164, '2017-05-01 00:00:00', 10000, 41, 0), (165, '2017-05-01 00:00:00', 50000, 45, 0), (166, '2017-05-01 00:00:00', 20000, 46, 0), (167, '2017-05-01 00:00:00', 50000, 49, 0), (168, '2017-05-01 00:00:00', 50000, 52, 0), (169, '2017-05-01 00:00:00', 15000, 53, 0), (170, '2017-05-01 00:00:00', 10000, 56, 3500), 
	(171, '2017-05-01 00:00:00', 45000, 58, 0), (172, '2017-06-01 00:00:00', 10000, 5, 1000), (173, '2017-06-01 00:00:00', 10000, 7, 1500), (174, '2017-06-01 00:00:00', 30000, 12, 4500), (175, '2017-06-01 00:00:00', 50000, 14, 0), (176, '2017-06-01 00:00:00', 15000, 25, 0), (177, '2017-06-01 00:00:00', 15000, 28, 0), (178, '2017-06-01 00:00:00', 10000, 31, 0), (179, '2017-06-01 00:00:00', 50000, 34, 0), (180, '2017-06-01 00:00:00', 20000, 38, 0), 
	(181, '2017-06-01 00:00:00', 40000, 39, 2000), (182, '2017-06-01 00:00:00', 10000, 41, 500), (183, '2017-06-01 00:00:00', 50000, 45, 0), (184, '2017-06-01 00:00:00', 20000, 46, 0), (185, '2017-06-01 00:00:00', 50000, 49, 1000), (186, '2017-06-01 00:00:00', 50000, 52, 0), (187, '2017-06-01 00:00:00', 15000, 53, 4000), (188, '2017-06-01 00:00:00', 10000, 56, 0), (189, '2017-06-01 00:00:00', 45000, 58, 2000), (190, '2017-07-01 00:00:00', 10000, 5, 0), 
	(191, '2017-07-01 00:00:00', 10000, 6, 0), (192, '2017-07-01 00:00:00', 10000, 7, 4000), (193, '2017-07-01 00:00:00', 30000, 12, 0), (194, '2017-07-01 00:00:00', 50000, 14, 4000), (195, '2017-07-01 00:00:00', 15000, 25, 0), (196, '2017-07-01 00:00:00', 15000, 28, 0), (197, '2017-07-01 00:00:00', 10000, 31, 0), (198, '2017-07-01 00:00:00', 50000, 34, 0), (199, '2017-07-01 00:00:00', 20000, 38, 3500), (200, '2017-07-01 00:00:00', 40000, 39, 0), 
	(201, '2017-07-01 00:00:00', 10000, 41, 0), (202, '2017-07-01 00:00:00', 25000, 42, 3500), (203, '2017-07-01 00:00:00', 50000, 45, 0), (204, '2017-07-01 00:00:00', 20000, 46, 0), (205, '2017-07-01 00:00:00', 50000, 49, 0), (206, '2017-07-01 00:00:00', 50000, 52, 2500), (207, '2017-07-01 00:00:00', 15000, 53, 0), (208, '2017-07-01 00:00:00', 10000, 56, 0), (209, '2017-07-01 00:00:00', 45000, 58, 0), (210, '2017-08-01 00:00:00', 10000, 5, 0), 
	(211, '2017-08-01 00:00:00', 10000, 6, 3500), (212, '2017-08-01 00:00:00', 10000, 7, 0), (213, '2017-08-01 00:00:00', 30000, 12, 0), (214, '2017-08-01 00:00:00', 50000, 14, 0), (215, '2017-08-01 00:00:00', 15000, 25, 0), (216, '2017-08-01 00:00:00', 15000, 28, 3000), (217, '2017-08-01 00:00:00', 10000, 31, 0), (218, '2017-08-01 00:00:00', 50000, 34, 0), (219, '2017-08-01 00:00:00', 20000, 38, 0), (220, '2017-08-01 00:00:00', 40000, 39, 0), 
	(221, '2017-08-01 00:00:00', 10000, 41, 2500), (222, '2017-08-01 00:00:00', 25000, 42, 0), (223, '2017-08-01 00:00:00', 50000, 45, 0), (224, '2017-08-01 00:00:00', 20000, 46, 0), (225, '2017-08-01 00:00:00', 50000, 49, 0), (226, '2017-08-01 00:00:00', 50000, 52, 0), (227, '2017-08-01 00:00:00', 15000, 53, 3500), (228, '2017-08-01 00:00:00', 40000, 55, 0), (229, '2017-08-01 00:00:00', 10000, 56, 0), (230, '2017-08-01 00:00:00', 45000, 58, 0), 
	(231, '2017-09-01 00:00:00', 10000, 5, 0), (232, '2017-09-01 00:00:00', 10000, 6, 2500), (233, '2017-09-01 00:00:00', 10000, 7, 1000), (234, '2017-09-01 00:00:00', 30000, 12, 1000), (235, '2017-09-01 00:00:00', 50000, 14, 0), (236, '2017-09-01 00:00:00', 15000, 25, 4500), (237, '2017-09-01 00:00:00', 40000, 27, 0), (238, '2017-09-01 00:00:00', 15000, 28, 0), (239, '2017-09-01 00:00:00', 10000, 31, 0), (240, '2017-09-01 00:00:00', 50000, 34, 0), 
	(241, '2017-09-01 00:00:00', 20000, 35, 4500), (242, '2017-09-01 00:00:00', 20000, 38, 4000), (243, '2017-09-01 00:00:00', 40000, 39, 0), (244, '2017-09-01 00:00:00', 10000, 41, 0), (245, '2017-09-01 00:00:00', 25000, 42, 4500), (246, '2017-09-01 00:00:00', 50000, 45, 0), (247, '2017-09-01 00:00:00', 20000, 46, 0), (248, '2017-09-01 00:00:00', 50000, 49, 0), (249, '2017-09-01 00:00:00', 50000, 52, 2000), (250, '2017-09-01 00:00:00', 15000, 53, 0),
	(251, '2017-09-01 00:00:00', 40000, 55, 3000), (252, '2017-09-01 00:00:00', 10000, 56, 0), (253, '2017-09-01 00:00:00', 45000, 58, 0), (254, '2017-10-01 00:00:00', 10000, 5, 0), (255, '2017-10-01 00:00:00', 10000, 6, 0), (256, '2017-10-01 00:00:00', 10000, 7, 0), (257, '2017-10-01 00:00:00', 30000, 12, 0), (258, '2017-10-01 00:00:00', 50000, 14, 0), (259, '2017-10-01 00:00:00', 15000, 25, 3000), (260, '2017-10-01 00:00:00', 40000, 27, 0), 
	(261, '2017-10-01 00:00:00', 15000, 28, 1000), (262, '2017-10-01 00:00:00', 10000, 31, 0), (263, '2017-10-01 00:00:00', 50000, 34, 0), (264, '2017-10-01 00:00:00', 20000, 35, 0), (265, '2017-10-01 00:00:00', 20000, 38, 3500), (266, '2017-10-01 00:00:00', 40000, 39, 3000), (267, '2017-10-01 00:00:00', 10000, 41, 3000), (268, '2017-10-01 00:00:00', 25000, 42, 0), (269, '2017-10-01 00:00:00', 50000, 45, 2000), (270, '2017-10-01 00:00:00', 20000, 46, 0), 
	(271, '2017-10-01 00:00:00', 50000, 49, 4000), (272, '2017-10-01 00:00:00', 50000, 52, 1500), (273, '2017-10-01 00:00:00', 15000, 53, 1000), (274, '2017-10-01 00:00:00', 40000, 55, 0), (275, '2017-10-01 00:00:00', 10000, 56, 0), (276, '2017-10-01 00:00:00', 45000, 58, 0), (277, '2017-11-01 00:00:00', 10000, 5, 0), (278, '2017-11-01 00:00:00', 10000, 6, 4500), (279, '2017-11-01 00:00:00', 10000, 7, 0), (280, '2017-11-01 00:00:00', 30000, 12, 1500), 
	(281, '2017-11-01 00:00:00', 50000, 14, 0), (282, '2017-11-01 00:00:00', 15000, 25, 0), (283, '2017-11-01 00:00:00', 40000, 27, 0), (284, '2017-11-01 00:00:00', 15000, 28, 0), (285, '2017-11-01 00:00:00', 20000, 29, 0), (286, '2017-11-01 00:00:00', 10000, 31, 0), (287, '2017-11-01 00:00:00', 50000, 34, 0), (288, '2017-11-01 00:00:00', 20000, 35, 0), (289, '2017-11-01 00:00:00', 20000, 38, 0), (290, '2017-11-01 00:00:00', 40000, 39, 0), 
	(291, '2017-11-01 00:00:00', 10000, 41, 0), (292, '2017-11-01 00:00:00', 25000, 42, 2000), (293, '2017-11-01 00:00:00', 50000, 45, 0), (294, '2017-11-01 00:00:00', 20000, 46, 0), (295, '2017-11-01 00:00:00', 50000, 49, 0), (296, '2017-11-01 00:00:00', 30000, 51, 0), (297, '2017-11-01 00:00:00', 50000, 52, 0), (298, '2017-11-01 00:00:00', 15000, 53, 0), (299, '2017-11-01 00:00:00', 40000, 55, 0), (300, '2017-11-01 00:00:00', 10000, 56, 0), 
	(301, '2017-11-01 00:00:00', 45000, 58, 500), (302, '2017-12-01 00:00:00', 10000, 5, 0), (303, '2017-12-01 00:00:00', 10000, 6, 0), (304, '2017-12-01 00:00:00', 10000, 7, 0), (305, '2017-12-01 00:00:00', 30000, 12, 0), (306, '2017-12-01 00:00:00', 50000, 14, 0), (307, '2017-12-01 00:00:00', 15000, 25, 2000), (308, '2017-12-01 00:00:00', 40000, 27, 0), (309, '2017-12-01 00:00:00', 15000, 28, 0), (310, '2017-12-01 00:00:00', 20000, 29, 0), 
	(311, '2017-12-01 00:00:00', 10000, 31, 0), (312, '2017-12-01 00:00:00', 50000, 34, 0), (313, '2017-12-01 00:00:00', 20000, 35, 0), (314, '2017-12-01 00:00:00', 20000, 38, 3500), (315, '2017-12-01 00:00:00', 40000, 39, 0), (316, '2017-12-01 00:00:00', 10000, 41, 0), (317, '2017-12-01 00:00:00', 25000, 42, 0), (318, '2017-12-01 00:00:00', 50000, 45, 0), (319, '2017-12-01 00:00:00', 20000, 46, 0), (320, '2017-12-01 00:00:00', 50000, 49, 0), 
	(321, '2017-12-01 00:00:00', 30000, 51, 0), (322, '2017-12-01 00:00:00', 50000, 52, 1000), (323, '2017-12-01 00:00:00', 15000, 53, 0), (324, '2017-12-01 00:00:00', 40000, 55, 0), (325, '2017-12-01 00:00:00', 10000, 56, 0), (326, '2017-12-01 00:00:00', 45000, 58, 0), (327, '2018-01-01 00:00:00', 10000, 5, 0), (328, '2018-01-01 00:00:00', 10000, 6, 0), (329, '2018-01-01 00:00:00', 10000, 7, 0), (330, '2018-01-01 00:00:00', 30000, 12, 2000), 
	(331, '2018-01-01 00:00:00', 50000, 14, 0), (332, '2018-01-01 00:00:00', 30000, 15, 0), (333, '2018-01-01 00:00:00', 20000, 16, 0), (334, '2018-01-01 00:00:00', 15000, 25, 0), (335, '2018-01-01 00:00:00', 40000, 27, 0), (336, '2018-01-01 00:00:00', 15000, 28, 0), (337, '2018-01-01 00:00:00', 20000, 29, 0), (338, '2018-01-01 00:00:00', 10000, 31, 2500), (339, '2018-01-01 00:00:00', 50000, 34, 0), (340, '2018-01-01 00:00:00', 20000, 35, 0), 
	(341, '2018-01-01 00:00:00', 20000, 38, 0), (342, '2018-01-01 00:00:00', 40000, 39, 0), (343, '2018-01-01 00:00:00', 10000, 41, 0), (344, '2018-01-01 00:00:00', 25000, 42, 1500), (345, '2018-01-01 00:00:00', 50000, 45, 0), (346, '2018-01-01 00:00:00', 20000, 46, 0), (347, '2018-01-01 00:00:00', 50000, 49, 0), (348, '2018-01-01 00:00:00', 30000, 51, 500), (349, '2018-01-01 00:00:00', 50000, 52, 0), (350, '2018-01-01 00:00:00', 15000, 53, 500), 
	(351, '2018-01-01 00:00:00', 40000, 55, 0), (352, '2018-01-01 00:00:00', 10000, 56, 0), (353, '2018-01-01 00:00:00', 45000, 58, 0), (354, '2018-01-01 00:00:00', 45000, 60, 0), (355, '2018-02-01 00:00:00', 10000, 5, 0), (356, '2018-02-01 00:00:00', 10000, 6, 0), (357, '2018-02-01 00:00:00', 10000, 7, 0), (358, '2018-02-01 00:00:00', 30000, 12, 4500), (359, '2018-02-01 00:00:00', 50000, 14, 0), (360, '2018-02-01 00:00:00', 30000, 15, 0), 
	(361, '2018-02-01 00:00:00', 20000, 16, 4500), (362, '2018-02-01 00:00:00', 15000, 25, 1500), (363, '2018-02-01 00:00:00', 40000, 27, 0), (364, '2018-02-01 00:00:00', 15000, 28, 0), (365, '2018-02-01 00:00:00', 20000, 29, 0), (366, '2018-02-01 00:00:00', 10000, 31, 0), (367, '2018-02-01 00:00:00', 50000, 34, 0), (368, '2018-02-01 00:00:00', 20000, 35, 500), (369, '2018-02-01 00:00:00', 20000, 38, 0), (370, '2018-02-01 00:00:00', 40000, 39, 0), 
	(371, '2018-02-01 00:00:00', 10000, 41, 0), (372, '2018-02-01 00:00:00', 25000, 42, 2000), (373, '2018-02-01 00:00:00', 50000, 45, 0), (374, '2018-02-01 00:00:00', 20000, 46, 0), (375, '2018-02-01 00:00:00', 50000, 49, 0), (376, '2018-02-01 00:00:00', 30000, 51, 0), (377, '2018-02-01 00:00:00', 50000, 52, 4000), (378, '2018-02-01 00:00:00', 15000, 53, 2000), (379, '2018-02-01 00:00:00', 40000, 55, 0), (380, '2018-02-01 00:00:00', 10000, 56, 1000), 
	(381, '2018-02-01 00:00:00', 45000, 58, 0), (382, '2018-02-01 00:00:00', 45000, 60, 4000), (383, '2018-03-01 00:00:00', 10000, 5, 0), (384, '2018-03-01 00:00:00', 10000, 6, 1500), (385, '2018-03-01 00:00:00', 10000, 7, 2000), (386, '2018-03-01 00:00:00', 30000, 12, 0), (387, '2018-03-01 00:00:00', 50000, 14, 3000), (388, '2018-03-01 00:00:00', 30000, 15, 1000), (389, '2018-03-01 00:00:00', 20000, 16, 0), (390, '2018-03-01 00:00:00', 35000, 18, 0), 
	(391, '2018-03-01 00:00:00', 15000, 25, 2500), (392, '2018-03-01 00:00:00', 40000, 27, 0), (393, '2018-03-01 00:00:00', 15000, 28, 0), (394, '2018-03-01 00:00:00', 20000, 29, 3000), (395, '2018-03-01 00:00:00', 10000, 31, 3500), (396, '2018-03-01 00:00:00', 10000, 32, 0), (397, '2018-03-01 00:00:00', 50000, 34, 0), (398, '2018-03-01 00:00:00', 20000, 35, 1000), (399, '2018-03-01 00:00:00', 20000, 38, 0), (400, '2018-03-01 00:00:00', 40000, 39, 2000), 
	(401, '2018-03-01 00:00:00', 10000, 41, 0), (402, '2018-03-01 00:00:00', 25000, 42, 0), (403, '2018-03-01 00:00:00', 50000, 45, 0), (404, '2018-03-01 00:00:00', 20000, 46, 0), (405, '2018-03-01 00:00:00', 50000, 49, 500), (406, '2018-03-01 00:00:00', 30000, 51, 0), (407, '2018-03-01 00:00:00', 50000, 52, 0), (408, '2018-03-01 00:00:00', 15000, 53, 0), (409, '2018-03-01 00:00:00', 40000, 55, 0), (410, '2018-03-01 00:00:00', 10000, 56, 0), 
	(411, '2018-03-01 00:00:00', 45000, 58, 4500), (412, '2018-03-01 00:00:00', 45000, 60, 0), (413, '2018-04-01 00:00:00', 15000, 4, 0), (414, '2018-04-01 00:00:00', 10000, 5, 0), (415, '2018-04-01 00:00:00', 10000, 6, 0), (416, '2018-04-01 00:00:00', 10000, 7, 2000), (417, '2018-04-01 00:00:00', 30000, 12, 0), (418, '2018-04-01 00:00:00', 50000, 14, 0), (419, '2018-04-01 00:00:00', 30000, 15, 0), (420, '2018-04-01 00:00:00', 20000, 16, 0), 
	(421, '2018-04-01 00:00:00', 35000, 18, 3000), (422, '2018-04-01 00:00:00', 15000, 25, 4500), (423, '2018-04-01 00:00:00', 40000, 27, 0), (424, '2018-04-01 00:00:00', 15000, 28, 0), (425, '2018-04-01 00:00:00', 20000, 29, 0), (426, '2018-04-01 00:00:00', 10000, 31, 0), (427, '2018-04-01 00:00:00', 10000, 32, 0), (428, '2018-04-01 00:00:00', 50000, 34, 0), (429, '2018-04-01 00:00:00', 20000, 35, 0), (430, '2018-04-01 00:00:00', 20000, 38, 500), 
	(431, '2018-04-01 00:00:00', 40000, 39, 3000), (432, '2018-04-01 00:00:00', 10000, 41, 0), (433, '2018-04-01 00:00:00', 25000, 42, 0), (434, '2018-04-01 00:00:00', 50000, 45, 0), (435, '2018-04-01 00:00:00', 20000, 46, 0), (436, '2018-04-01 00:00:00', 50000, 49, 0), (437, '2018-04-01 00:00:00', 30000, 51, 0), (438, '2018-04-01 00:00:00', 50000, 52, 3000), (439, '2018-04-01 00:00:00', 15000, 53, 0), (440, '2018-04-01 00:00:00', 40000, 55, 0), 
	(441, '2018-04-01 00:00:00', 10000, 56, 0), (442, '2018-04-01 00:00:00', 45000, 58, 0), (443, '2018-04-01 00:00:00', 45000, 60, 0), (444, '2018-05-01 00:00:00', 15000, 4, 1500), (445, '2018-05-01 00:00:00', 10000, 5, 0), (446, '2018-05-01 00:00:00', 10000, 6, 0), (447, '2018-05-01 00:00:00', 10000, 7, 0), (448, '2018-05-01 00:00:00', 30000, 12, 0), (449, '2018-05-01 00:00:00', 50000, 14, 0), (450, '2018-05-01 00:00:00', 30000, 15, 0), 
	(451, '2018-05-01 00:00:00', 20000, 16, 0), (452, '2018-05-01 00:00:00', 35000, 18, 0), (453, '2018-05-01 00:00:00', 15000, 25, 0), (454, '2018-05-01 00:00:00', 40000, 27, 500), (455, '2018-05-01 00:00:00', 15000, 28, 0), (456, '2018-05-01 00:00:00', 20000, 29, 3500), (457, '2018-05-01 00:00:00', 10000, 31, 3500), (458, '2018-05-01 00:00:00', 10000, 32, 0), (459, '2018-05-01 00:00:00', 50000, 34, 0), (460, '2018-05-01 00:00:00', 20000, 35, 0), 
	(461, '2018-05-01 00:00:00', 20000, 38, 0), (462, '2018-05-01 00:00:00', 40000, 39, 1000), (463, '2018-05-01 00:00:00', 10000, 41, 2500), (464, '2018-05-01 00:00:00', 25000, 42, 0), (465, '2018-05-01 00:00:00', 50000, 45, 0), (466, '2018-05-01 00:00:00', 20000, 46, 0), (467, '2018-05-01 00:00:00', 50000, 49, 0), (468, '2018-05-01 00:00:00', 30000, 51, 3500), (469, '2018-05-01 00:00:00', 50000, 52, 0), (470, '2018-05-01 00:00:00', 15000, 53, 1000), 
	(471, '2018-05-01 00:00:00', 40000, 55, 0), (472, '2018-05-01 00:00:00', 10000, 56, 0), (473, '2018-05-01 00:00:00', 45000, 58, 0), (474, '2018-05-01 00:00:00', 45000, 60, 0), (475, '2018-06-01 00:00:00', 15000, 4, 0), (476, '2018-06-01 00:00:00', 10000, 5, 0), (477, '2018-06-01 00:00:00', 10000, 6, 0), (478, '2018-06-01 00:00:00', 10000, 7, 0), (479, '2018-06-01 00:00:00', 30000, 12, 0), (480, '2018-06-01 00:00:00', 50000, 14, 0), 
	(481, '2018-06-01 00:00:00', 30000, 15, 0), (482, '2018-06-01 00:00:00', 20000, 16, 3500), (483, '2018-06-01 00:00:00', 35000, 18, 0), (484, '2018-06-01 00:00:00', 15000, 25, 500), (485, '2018-06-01 00:00:00', 40000, 27, 0), (486, '2018-06-01 00:00:00', 15000, 28, 0), (487, '2018-06-01 00:00:00', 20000, 29, 0), (488, '2018-06-01 00:00:00', 10000, 31, 4000), (489, '2018-06-01 00:00:00', 10000, 32, 0), (490, '2018-06-01 00:00:00', 50000, 34, 0), 
	(491, '2018-06-01 00:00:00', 20000, 35, 0), (492, '2018-06-01 00:00:00', 20000, 38, 0), (493, '2018-06-01 00:00:00', 40000, 39, 0), (494, '2018-06-01 00:00:00', 10000, 41, 4500), (495, '2018-06-01 00:00:00', 25000, 42, 500), (496, '2018-06-01 00:00:00', 50000, 45, 0), (497, '2018-06-01 00:00:00', 20000, 46, 0), (498, '2018-06-01 00:00:00', 50000, 49, 0), (499, '2018-06-01 00:00:00', 30000, 51, 0), (500, '2018-06-01 00:00:00', 50000, 52, 0);

SET IDENTITY_INSERT salary_list OFF; 
SET IDENTITY_INSERT sale ON;

INSERT INTO sale (s_id, employee_id, date_time) 
VALUES
	(1, 57, '2015-10-01 15:56:03'), (2, 23, '2015-10-01 13:49:54'), (3, 53, '2015-10-01 20:52:42'), (4, 6, '2015-10-01 07:51:09'), (5, 52, '2015-10-01 18:40:58'), (6, 47, '2015-10-02 08:39:24'), (7, 23, '2015-10-02 05:43:44'), (8, 19, '2015-10-03 16:11:42'), (9, 20, '2015-10-03 07:46:08'), (10, 16, '2015-10-03 20:04:04'), 
	(11, 53, '2015-10-03 06:01:48'), (12, 19, '2015-10-03 19:38:45'), (13, 15, '2015-10-03 18:22:06'), (14, 51, '2015-10-04 09:46:05'), (15, 21, '2015-10-04 12:50:10'), (16, 42, '2015-10-04 18:45:22'), (17, 15, '2015-10-04 23:50:47'), (18, 35, '2015-10-04 03:20:39'), (19, 22, '2015-10-04 08:40:37'), (20, 36, '2015-10-04 19:33:36'), 
	(21, 21, '2015-10-04 03:09:51'), (22, 4, '2015-10-05 17:31:15'), (23, 32, '2015-10-05 17:46:14'), (24, 55, '2015-10-06 09:33:18'), (25, 40, '2015-10-06 16:59:26'), (26, 50, '2015-10-06 08:33:11'), (27, 50, '2015-10-06 01:01:19'), (28, 4, '2015-10-06 18:15:25'), (29, 7, '2015-10-06 06:08:00'), (30, 39, '2015-10-07 11:56:17'), 
	(31, 31, '2015-10-07 03:09:11'), (32, 2, '2015-10-07 04:52:41'), (33, 29, '2015-10-07 03:55:54'), (34, 8, '2015-10-07 23:54:55'), (35, 44, '2015-10-07 12:55:44'), (36, 1, '2015-10-07 20:46:52'), (37, 50, '2015-10-07 21:08:29'), (38, 3, '2015-10-08 00:06:22'), (39, 20, '2015-10-08 03:41:52'), (40, 8, '2015-10-08 00:13:21'), 
	(41, 54, '2015-10-08 14:55:28'), (42, 8, '2015-10-08 11:01:39'), (43, 60, '2015-10-08 16:44:48'), (44, 47, '2015-10-09 06:59:03'), (45, 51, '2015-10-09 23:20:57'), (46, 6, '2015-10-09 12:17:34'), (47, 57, '2015-10-09 09:10:53'), (48, 27, '2015-10-09 22:30:34'), (49, 29, '2015-10-10 17:02:05'), (50, 51, '2015-10-10 09:05:02'), 
	(51, 15, '2015-10-11 13:21:52'), (52, 45, '2015-10-11 07:20:26'), (53, 21, '2015-10-11 14:35:30'), (54, 5, '2015-10-11 22:22:09'), (55, 45, '2015-10-11 19:50:26'), (56, 38, '2015-10-11 14:55:35'), (57, 59, '2015-10-11 06:30:40'), (58, 38, '2015-10-11 00:15:38'), (59, 57, '2015-10-11 14:40:11'), (60, 33, '2015-10-12 04:22:05'), 
	(61, 55, '2015-10-12 19:03:32'), (62, 39, '2015-10-12 04:34:18'), (63, 53, '2015-10-12 01:55:22'), (64, 28, '2015-10-12 15:56:51'), (65, 13, '2015-10-12 09:45:57'), (66, 55, '2015-10-12 11:55:26'), (67, 7, '2015-10-12 02:06:35'), (68, 27, '2015-10-12 11:37:28'), (69, 46, '2015-10-12 20:04:43'), (70, 31, '2015-10-13 10:49:54'), 
	(71, 12, '2015-10-13 17:42:49'), (72, 13, '2015-10-13 08:21:21'), (73, 38, '2015-10-13 00:10:46'), (74, 59, '2015-10-13 10:04:46'), (75, 7, '2015-10-13 02:16:29'), (76, 39, '2015-10-13 23:30:03'), (77, 19, '2015-10-13 09:38:48'), (78, 20, '2015-10-14 18:59:43'), (79, 51, '2015-10-14 08:46:50'), (80, 8, '2015-10-14 08:23:40'), 
	(81, 28, '2015-10-14 19:13:19'), (82, 26, '2015-10-14 21:36:47'), (83, 48, '2015-10-14 17:07:39'), (84, 11, '2015-10-15 23:13:11'), (85, 29, '2015-10-15 21:10:04'), (86, 19, '2015-10-15 06:08:22'), (87, 29, '2015-10-15 05:36:26'), (88, 33, '2015-10-15 09:17:49'), (89, 57, '2015-10-15 05:19:52'), (90, 18, '2015-10-15 01:42:21'), 
	(91, 27, '2015-10-15 10:08:59'), (92, 24, '2015-10-16 01:16:30'), (93, 9, '2015-10-16 00:27:01'), (94, 51, '2015-10-16 21:50:57'), (95, 47, '2015-10-16 11:07:59'), (96, 7, '2015-10-16 23:04:27'), (97, 6, '2015-10-16 03:16:41'), (98, 1, '2015-10-17 00:42:25'), (99, 50, '2015-10-17 00:07:24'), (100, 19, '2015-10-18 11:19:38'), 
	(101, 27, '2015-10-18 06:00:47'), (102, 39, '2015-10-18 02:41:43'), (103, 58, '2015-10-18 11:50:01'), (104, 17, '2015-10-18 06:53:12'), (105, 41, '2015-10-18 20:18:17'), (106, 5, '2015-10-18 13:53:51'), (107, 18, '2015-10-18 08:17:08'), (108, 36, '2015-10-18 03:32:05'), (109, 19, '2015-10-18 08:29:10'), (110, 9, '2015-10-19 14:29:10'), 
	(111, 2, '2015-10-19 21:10:26'), (112, 9, '2015-10-19 07:52:48'), (113, 13, '2015-10-19 11:32:44'), (114, 41, '2015-10-19 14:00:10'), (115, 58, '2015-10-19 05:08:53'), (116, 28, '2015-10-19 22:56:47'), (117, 48, '2015-10-19 19:29:48'), (118, 15, '2015-10-19 01:31:33'), (119, 3, '2015-10-20 10:36:08'), (120, 13, '2015-10-20 12:18:41'), 
	(121, 44, '2015-10-20 02:15:54'), (122, 36, '2015-10-20 21:39:21'), (123, 55, '2015-10-20 03:04:50'), (124, 45, '2015-10-20 01:02:36'), (125, 56, '2015-10-20 23:02:41'), (126, 57, '2015-10-20 21:00:37'), (127, 35, '2015-10-20 06:40:25'), (128, 5, '2015-10-21 01:10:50'), (129, 47, '2015-10-21 14:55:23'), (130, 52, '2015-10-21 14:35:04'), 
	(131, 21, '2015-10-21 05:44:53'), (132, 55, '2015-10-21 14:06:07'), (133, 4, '2015-10-21 01:45:37'), (134, 26, '2015-10-21 15:09:24'), (135, 54, '2015-10-22 16:54:52'), (136, 43, '2015-10-22 10:02:18'), (137, 60, '2015-10-23 21:08:08'), (138, 39, '2015-10-23 11:21:29'), (139, 19, '2015-10-24 19:47:12'), (140, 10, '2015-10-24 19:14:36'), 
	(141, 60, '2015-10-24 10:01:35'), (142, 38, '2015-10-24 04:42:17'), (143, 29, '2015-10-24 20:23:39'), (144, 10, '2015-10-25 20:43:58'), (145, 27, '2015-10-25 04:02:28'), (146, 2, '2015-10-25 02:11:09'), (147, 15, '2015-10-25 23:43:26'), (148, 7, '2015-10-25 23:17:41'), (149, 28, '2015-10-25 23:21:03'), (150, 24, '2015-10-25 22:24:40'), 
	(151, 17, '2015-10-25 17:21:54'), (152, 25, '2015-10-25 06:04:17'), (153, 8, '2015-10-25 02:56:38'), (154, 57, '2015-10-26 23:25:58'), (155, 60, '2015-10-26 05:20:57'), (156, 43, '2015-10-26 01:25:55'), (157, 43, '2015-10-26 19:59:49'), (158, 3, '2015-10-26 22:29:00'), (159, 51, '2015-10-26 20:13:34'), (160, 56, '2015-10-26 18:23:05'), 
	(161, 31, '2015-10-26 08:05:00'), (162, 26, '2015-10-27 02:55:40'), (163, 10, '2015-10-27 13:37:45'), (164, 19, '2015-10-27 18:43:56'), (165, 28, '2015-10-27 08:00:33'), (166, 37, '2015-10-28 04:00:23'), (167, 60, '2015-10-28 12:11:39'), (168, 25, '2015-10-29 06:05:14'), (169, 29, '2015-10-29 03:57:07'), (170, 15, '2015-10-29 03:41:04'), 
	(171, 19, '2015-10-30 23:55:09'), (172, 50, '2015-10-30 13:27:10'), (173, 18, '2015-10-30 07:34:50'), (174, 11, '2015-10-30 11:46:45'), (175, 38, '2015-10-30 03:00:32'), (176, 51, '2015-10-30 09:39:27'), (177, 36, '2015-10-30 04:29:20'), (178, 27, '2015-10-31 16:01:32'), (179, 10, '2015-10-31 10:31:35'), (180, 11, '2015-10-31 10:38:19'), 
	(181, 31, '2015-10-31 16:08:01'), (182, 21, '2015-11-01 18:55:03'), (183, 27, '2015-11-01 03:13:25'), (184, 6, '2015-11-01 08:05:21'), (185, 25, '2015-11-01 10:30:44'), (186, 43, '2015-11-02 12:06:35'), (187, 53, '2015-11-02 07:34:29'), (188, 50, '2015-11-02 14:16:38'), (189, 24, '2015-11-02 12:37:49'), (190, 2, '2015-11-02 11:08:43'), 
	(191, 26, '2015-11-02 18:06:55'), (192, 27, '2015-11-02 13:38:01'), (193, 1, '2015-11-02 11:52:15'), (194, 53, '2015-11-02 10:11:44'), (195, 5, '2015-11-02 06:59:17'), (196, 31, '2015-11-03 18:40:58'), (197, 37, '2015-11-03 15:27:54'), (198, 53, '2015-11-04 19:18:06'), (199, 13, '2015-11-04 07:07:24'), (200, 5, '2015-11-04 02:49:44'),
	(201, 41, '2015-11-04 19:16:55'), (202, 39, '2015-11-05 21:47:25'), (203, 44, '2015-11-05 17:24:21'), (204, 20, '2015-11-05 09:45:48'), (205, 32, '2015-11-05 23:42:43'), (206, 39, '2015-11-06 02:33:14'), (207, 54, '2015-11-06 17:27:55'), (208, 59, '2015-11-06 16:12:04'), (209, 11, '2015-11-07 17:36:29'), (210, 56, '2015-11-07 06:20:37'), 
	(211, 52, '2015-11-07 17:46:02'), (212, 56, '2015-11-07 17:23:00'), (213, 54, '2015-11-07 01:47:07'), (214, 46, '2015-11-07 10:25:05'), (215, 28, '2015-11-07 15:48:28'), (216, 22, '2015-11-07 05:59:00'), (217, 19, '2015-11-07 22:11:17'), (218, 23, '2015-11-08 04:16:20'), (219, 31, '2015-11-08 07:17:03'), (220, 42, '2015-11-09 19:10:27'), 
	(221, 7, '2015-11-09 01:07:21'), (222, 56, '2015-11-09 05:14:49'), (223, 35, '2015-11-09 08:19:40'), (224, 26, '2015-11-09 13:18:13'), (225, 30, '2015-11-09 11:09:11'), (226, 46, '2015-11-09 03:31:42'), (227, 8, '2015-11-09 12:18:29'), (228, 58, '2015-11-10 16:38:20'), (229, 1, '2015-11-10 18:13:56'), (230, 26, '2015-11-10 21:39:54'), 
	(231, 25, '2015-11-10 23:31:59'), (232, 35, '2015-11-10 18:56:28'), (233, 18, '2015-11-11 11:30:53'), (234, 13, '2015-11-11 16:15:01'), (235, 6, '2015-11-11 12:48:01'), (236, 31, '2015-11-11 21:49:38'), (237, 14, '2015-11-11 05:51:56'), (238, 11, '2015-11-11 06:09:36'), (239, 1, '2015-11-11 22:20:12'), (240, 22, '2015-11-12 13:37:10'), 
	(241, 41, '2015-11-12 11:38:33'), (242, 14, '2015-11-12 04:54:12'), (243, 60, '2015-11-12 01:01:57'), (244, 2, '2015-11-12 16:02:34'), (245, 37, '2015-11-13 08:32:19'), (246, 12, '2015-11-13 23:48:07'), (247, 39, '2015-11-13 15:45:56'), (248, 21, '2015-11-13 14:33:28'), (249, 45, '2015-11-13 11:03:24'), (250, 59, '2015-11-13 10:31:44'),
	(251, 32, '2015-11-13 15:40:23'), (252, 35, '2015-11-13 14:42:54'), (253, 28, '2015-11-13 07:14:42'), (254, 8, '2015-11-13 17:50:15'), (255, 31, '2015-11-14 15:08:07'), (256, 10, '2015-11-14 03:34:45'), (257, 23, '2015-11-14 00:56:10'), (258, 24, '2015-11-14 07:05:23'), (259, 2, '2015-11-14 06:11:57'), (260, 22, '2015-11-14 22:05:46'), 
	(261, 29, '2015-11-14 22:02:00'), (262, 21, '2015-11-15 13:55:58'), (263, 60, '2015-11-15 10:53:58'), (264, 52, '2015-11-16 06:00:53'), (265, 45, '2015-11-16 00:32:39'), (266, 39, '2015-11-16 09:51:58'), (267, 12, '2015-11-17 06:59:56'), (268, 36, '2015-11-17 18:40:56'), (269, 7, '2015-11-17 23:10:36'), (270, 35, '2015-11-17 13:57:10'), 
	(271, 43, '2015-11-18 10:44:06'), (272, 23, '2015-11-18 18:31:51'), (273, 30, '2015-11-18 13:09:43'), (274, 11, '2015-11-19 11:34:32'), (275, 5, '2015-11-19 14:13:38'), (276, 16, '2015-11-19 22:12:07'), (277, 55, '2015-11-19 04:06:57'), (278, 34, '2015-11-20 01:05:39'), (279, 52, '2015-11-20 22:13:27'), (280, 28, '2015-11-20 10:10:39'), 
	(281, 33, '2015-11-20 10:08:36'), (282, 10, '2015-11-20 07:16:49'), (283, 34, '2015-11-21 10:55:55'), (284, 47, '2015-11-21 11:47:40'), (285, 22, '2015-11-21 14:59:12'), (286, 39, '2015-11-21 21:55:57'), (287, 21, '2015-11-21 17:37:51'), (288, 5, '2015-11-21 06:47:06'), (289, 27, '2015-11-21 07:45:22'), (290, 45, '2015-11-22 11:00:04'), 
	(291, 33, '2015-11-22 19:30:03'), (292, 47, '2015-11-22 20:50:45'), (293, 41, '2015-11-22 16:36:42'), (294, 24, '2015-11-22 16:56:05'), (295, 50, '2015-11-22 01:57:32'), (296, 32, '2015-11-22 08:53:49'), (297, 49, '2015-11-23 00:34:09'), (298, 16, '2015-11-23 17:07:05'), (299, 48, '2015-11-23 00:08:09'), (300, 10, '2015-11-23 04:28:54'), 
	(301, 36, '2015-11-24 22:02:12'), (302, 31, '2015-11-24 20:45:10'), (303, 28, '2015-11-24 03:45:18'), (304, 45, '2015-11-24 18:01:23'), (305, 58, '2015-11-24 01:50:54'), (306, 1, '2015-11-24 17:02:52'), (307, 58, '2015-11-24 20:25:08'), (308, 37, '2015-11-24 16:04:32'), (309, 30, '2015-11-24 21:04:59'), (310, 12, '2015-11-24 04:27:03'), 
	(311, 25, '2015-11-25 05:50:02'), (312, 19, '2015-11-25 23:09:04'), (313, 43, '2015-11-26 08:20:04'), (314, 52, '2015-11-26 17:28:06'), (315, 34, '2015-11-26 11:23:12'), (316, 29, '2015-11-26 11:25:15'), (317, 30, '2015-11-26 13:54:29'), (318, 10, '2015-11-26 08:01:42'), (319, 25, '2015-11-26 09:39:15'), (320, 25, '2015-11-26 08:14:29'), 
	(321, 29, '2015-11-27 20:06:24'), (322, 60, '2015-11-27 04:45:45'), (323, 33, '2015-11-27 02:49:31'), (324, 15, '2015-11-27 03:24:23'), (325, 49, '2015-11-27 08:57:22'), (326, 8, '2015-11-27 12:41:15'), (327, 39, '2015-11-27 11:54:03'), (328, 40, '2015-11-28 10:10:26'), (329, 21, '2015-11-28 03:22:21'), (330, 31, '2015-11-28 13:54:10'), 
	(331, 22, '2015-11-28 16:42:21'), (332, 31, '2015-11-28 00:37:45'), (333, 10, '2015-11-28 18:52:10'), (334, 42, '2015-11-28 06:27:24'), (335, 9, '2015-11-28 02:51:56'), (336, 21, '2015-11-28 06:51:09'), (337, 59, '2015-11-29 00:24:56'), (338, 16, '2015-11-29 02:27:45'), (339, 27, '2015-11-29 14:08:27'), (340, 47, '2015-11-30 04:26:30'), 
	(341, 58, '2015-11-30 06:09:57'), (342, 21, '2015-11-30 01:57:01'), (343, 44, '2015-11-30 23:44:52'), (344, 7, '2015-11-30 18:54:23'), (345, 41, '2015-11-30 22:49:13'), (346, 11, '2015-12-01 12:27:42'), (347, 18, '2015-12-01 18:23:54'), (348, 37, '2015-12-01 05:30:34'), (349, 51, '2015-12-01 21:42:02'), (350, 13, '2015-12-01 19:55:44'), 
	(351, 32, '2015-12-01 15:44:24'), (352, 46, '2015-12-01 06:50:20'), (353, 22, '2015-12-01 19:24:04'), (354, 1, '2015-12-01 17:46:30'), (355, 14, '2015-12-01 14:50:13'), (356, 58, '2015-12-02 21:58:02'), (357, 48, '2015-12-02 15:25:41'), (358, 58, '2015-12-02 01:45:58'), (359, 5, '2015-12-02 21:28:44'), (360, 30, '2015-12-03 16:56:51'), 
	(361, 1, '2015-12-03 08:40:03'), (362, 54, '2015-12-03 01:26:14'), (363, 32, '2015-12-04 00:26:52'), (364, 29, '2015-12-04 04:50:50'), (365, 21, '2015-12-04 08:39:41'), (366, 45, '2015-12-04 06:30:50'), (367, 13, '2015-12-04 05:13:00'), (368, 43, '2015-12-05 03:57:42'), (369, 41, '2015-12-05 18:10:53'), (370, 59, '2015-12-05 13:50:24'), 
	(371, 40, '2015-12-05 02:55:26'), (372, 55, '2015-12-05 01:11:51'), (373, 40, '2015-12-05 09:47:44'), (374, 17, '2015-12-05 05:38:05'), (375, 8, '2015-12-05 09:39:07'), (376, 40, '2015-12-05 03:02:36'), (377, 37, '2015-12-06 13:45:22'), (378, 41, '2015-12-06 10:51:49'), (379, 12, '2015-12-07 02:28:48'), (380, 16, '2015-12-07 12:55:47'), 
	(381, 1, '2015-12-07 03:10:38'), (382, 43, '2015-12-07 02:38:30'), (383, 46, '2015-12-07 19:47:45'), (384, 26, '2015-12-07 15:26:02'), (385, 30, '2015-12-07 16:54:58'), (386, 31, '2015-12-07 12:55:58'), (387, 59, '2015-12-07 18:16:12'), (388, 20, '2015-12-07 00:54:29'), (389, 22, '2015-12-08 22:48:04'), (390, 6, '2015-12-08 10:14:59'), 
	(391, 51, '2015-12-08 23:14:51'), (392, 43, '2015-12-08 06:42:47'), (393, 23, '2015-12-08 00:24:54'), (394, 45, '2015-12-08 08:21:26'), (395, 29, '2015-12-09 23:14:04'), (396, 29, '2015-12-09 08:28:40'), (397, 15, '2015-12-09 14:37:08'), (398, 51, '2015-12-09 10:11:01'), (399, 48, '2015-12-09 23:38:40'), (400, 55, '2015-12-09 16:37:29'), 
	(401, 36, '2015-12-10 22:55:31'), (402, 14, '2015-12-10 09:47:06'), (403, 38, '2015-12-10 18:48:56'), (404, 56, '2015-12-10 23:57:34'), (405, 18, '2015-12-10 10:21:20'), (406, 1, '2015-12-11 03:24:40'), (407, 28, '2015-12-11 15:20:58'), (408, 45, '2015-12-11 22:42:38'), (409, 1, '2015-12-11 17:35:09'), (410, 25, '2015-12-11 23:18:30'), 
	(411, 50, '2015-12-11 21:26:24'), (412, 17, '2015-12-11 19:33:56'), (413, 15, '2015-12-11 07:45:21'), (414, 38, '2015-12-12 09:15:19'), (415, 48, '2015-12-12 18:04:40'), (416, 6, '2015-12-13 17:39:50'), (417, 9, '2015-12-13 13:12:44'), (418, 39, '2015-12-13 03:57:20'), (419, 12, '2015-12-13 01:47:41'), (420, 39, '2015-12-13 21:08:27'), 
	(421, 23, '2015-12-14 08:18:15'), (422, 34, '2015-12-14 03:37:02'), (423, 50, '2015-12-14 00:18:02'), (424, 16, '2015-12-14 12:13:08'), (425, 52, '2015-12-14 08:39:29'), (426, 39, '2015-12-14 01:06:48'), (427, 1, '2015-12-14 06:18:07'), (428, 26, '2015-12-15 20:00:45'), (429, 31, '2015-12-15 23:28:29'), (430, 42, '2015-12-16 22:58:57'), 
	(431, 34, '2015-12-16 01:23:41'), (432, 47, '2015-12-17 15:32:15'), (433, 6, '2015-12-17 18:32:08'), (434, 24, '2015-12-17 15:16:15'), (435, 26, '2015-12-17 15:49:29'), (436, 1, '2015-12-17 04:27:44'), (437, 4, '2015-12-18 12:11:52'), (438, 17, '2015-12-18 05:26:11'), (439, 41, '2015-12-18 01:20:00'), (440, 43, '2015-12-18 18:06:50'), 
	(441, 60, '2015-12-18 12:08:17'), (442, 18, '2015-12-18 06:30:11'), (443, 52, '2015-12-18 04:22:45'), (444, 30, '2015-12-18 23:31:12'), (445, 26, '2015-12-19 14:48:43'), (446, 31, '2015-12-19 17:46:15'), (447, 16, '2015-12-19 23:54:00'), (448, 10, '2015-12-19 07:03:47'), (449, 53, '2015-12-19 02:17:30'), (450, 51, '2015-12-19 22:09:51'), 
	(451, 32, '2015-12-20 06:06:37'), (452, 11, '2015-12-20 07:21:18'), (453, 46, '2015-12-21 05:47:55'), (454, 29, '2015-12-21 17:05:14'), (455, 19, '2015-12-21 21:19:07'), (456, 35, '2015-12-21 06:56:35'), (457, 12, '2015-12-21 19:39:32'), (458, 44, '2015-12-21 00:56:07'), (459, 56, '2015-12-22 02:59:22'), (460, 19, '2015-12-22 06:47:47'), 
	(461, 44, '2015-12-22 03:18:27'), (462, 33, '2015-12-22 09:22:05'), (463, 28, '2015-12-22 16:53:20'), (464, 19, '2015-12-23 23:32:05'), (465, 38, '2015-12-23 16:22:21'), (466, 17, '2015-12-23 20:37:04'), (467, 9, '2015-12-23 19:44:36'), (468, 37, '2015-12-23 23:25:01'), (469, 34, '2015-12-23 12:40:28'), (470, 49, '2015-12-23 05:40:17'), 
	(471, 13, '2015-12-24 09:50:22'), (472, 43, '2015-12-24 04:34:42'), (473, 1, '2015-12-24 17:47:45'), (474, 33, '2015-12-25 19:28:10'), (475, 5, '2015-12-25 11:31:28'), (476, 6, '2015-12-25 17:00:24'), (477, 48, '2015-12-25 19:24:18'), (478, 49, '2015-12-25 18:33:37'), (479, 22, '2015-12-25 02:07:38'), (480, 23, '2015-12-26 02:49:59'), 
	(481, 34, '2015-12-26 00:00:05'), (482, 11, '2015-12-26 10:01:10'), (483, 51, '2015-12-26 07:55:02'), (484, 60, '2015-12-26 14:17:34'), (485, 11, '2015-12-26 07:40:09'), (486, 25, '2015-12-26 03:22:05'), (487, 41, '2015-12-27 12:55:26'), (488, 49, '2015-12-27 19:40:45'), (489, 32, '2015-12-27 03:54:42'), (490, 43, '2015-12-27 17:13:50'), 
	(491, 17, '2015-12-27 05:24:21'), (492, 51, '2015-12-28 00:42:16'), (493, 11, '2015-12-28 08:36:20'), (494, 12, '2015-12-28 21:36:26'), (495, 42, '2015-12-29 16:15:13'), (496, 60, '2015-12-29 16:51:52'), (497, 8, '2015-12-29 23:58:35'), (498, 18, '2015-12-29 01:45:19'), (499, 28, '2015-12-29 14:05:39'), (500, 31, '2015-12-29 14:52:14');

SET IDENTITY_INSERT sale OFF;
SET IDENTITY_INSERT sale_item ON;

INSERT INTO sale_item (si_id, product_id, sale_id, quantity) 
VALUES
	(1, 10, 1, 5), (2, 5, 1, 4), (3, 29, 1, 2), (4, 9, 1, 1), (5, 22, 1, 7), (6, 46, 1, 8), (7, 36, 1, 10), (8, 53, 1, 4), (9, 4, 1, 4), (10, 49, 1, 6), 
	(11, 36, 2, 10), (12, 22, 2, 1), (13, 12, 3, 4), (14, 10, 3, 9), (15, 43, 3, 6), (16, 5, 3, 7), (17, 32, 3, 8), (18, 6, 3, 7), (19, 45, 4, 10), (20, 1, 4, 10), 
	(21, 9, 5, 9), (22, 51, 5, 10), (23, 32, 5, 6), (24, 13, 5, 6), (25, 43, 5, 9), (26, 2, 5, 7), (27, 12, 5, 3), (28, 25, 5, 3), (29, 53, 5, 9), (30, 2, 6, 5), 
	(31, 14, 6, 9), (32, 25, 6, 6), (33, 36, 6, 5), (34, 40, 6, 8), (35, 48, 7, 7), (36, 24, 7, 5), (37, 18, 7, 9), (38, 25, 7, 1), (39, 23, 7, 4), (40, 8, 7, 1), 
	(41, 39, 7, 3), (42, 26, 7, 1), (43, 55, 7, 5), (44, 44, 7, 4), (45, 33, 8, 6), (46, 19, 9, 5), (47, 50, 9, 3), (48, 37, 9, 6), (49, 41, 9, 4), (50, 17, 10, 10), 
	(51, 5, 10, 10), (52, 14, 10, 3), (53, 54, 10, 6), (54, 44, 10, 8), (55, 29, 10, 2), (56, 45, 10, 6), (57, 23, 10, 5), (58, 49, 10, 6), (59, 36, 10, 1), (60, 5, 11, 4), 
	(61, 25, 11, 8), (62, 36, 11, 7), (63, 20, 11, 1), (64, 54, 11, 8), (65, 31, 11, 3), (66, 53, 11, 4), (67, 42, 12, 1), (68, 25, 12, 6), (69, 5, 12, 4), (70, 26, 12, 1), 
	(71, 53, 12, 9), (72, 53, 13, 8), (73, 1, 13, 2), (74, 27, 13, 7), (75, 10, 13, 4), (76, 37, 13, 3), (77, 30, 13, 6), (78, 2, 14, 1), (79, 12, 14, 9), (80, 14, 14, 4), 
	(81, 50, 14, 8), (82, 24, 14, 5), (83, 16, 14, 10), (84, 40, 14, 5), (85, 39, 14, 8), (86, 32, 14, 3), (87, 42, 14, 10), (88, 9, 15, 5), (89, 35, 15, 1), (90, 16, 15, 4), 
	(91, 3, 15, 5), (92, 29, 16, 10), (93, 38, 16, 2), (94, 10, 17, 3), (95, 14, 17, 2), (96, 23, 17, 3), (97, 7, 17, 9), (98, 31, 17, 10), (99, 45, 18, 4), (100, 30, 18, 6), 
	(101, 41, 18, 5), (102, 12, 18, 9), (103, 31, 18, 8), (104, 33, 18, 1), (105, 13, 18, 6), (106, 4, 18, 9), (107, 15, 18, 8), (108, 36, 18, 2), (109, 29, 19, 3), (110, 40, 19, 7), 
	(111, 21, 19, 9), (112, 11, 19, 9), (113, 24, 19, 2), (114, 49, 19, 2), (115, 17, 19, 6), (116, 51, 19, 1), (117, 37, 19, 6), (118, 15, 20, 4), (119, 46, 20, 4), (120, 2, 20, 8), 
	(121, 39, 21, 5), (122, 36, 21, 5), (123, 15, 21, 6), (124, 38, 21, 7), (125, 51, 21, 2), (126, 23, 21, 6), (127, 28, 21, 7), (128, 43, 22, 1), (129, 6, 22, 5), (130, 24, 22, 4), 
	(131, 45, 23, 9), (132, 28, 23, 10), (133, 26, 23, 6), (134, 39, 23, 6), (135, 52, 23, 8), (136, 32, 23, 5), (137, 22, 23, 6), (138, 33, 23, 4), (139, 1, 24, 8), (140, 44, 24, 8), 
	(141, 16, 24, 8), (142, 15, 24, 7), (143, 30, 24, 5), (144, 7, 24, 2), (145, 33, 24, 10), (146, 33, 25, 4), (147, 16, 26, 6), (148, 55, 26, 7), (149, 40, 26, 8), (150, 15, 26, 9), 
	(151, 30, 26, 2), (152, 46, 26, 2), (153, 25, 26, 4), (154, 37, 27, 9), (155, 25, 27, 2), (156, 30, 27, 7), (157, 3, 27, 10), (158, 44, 27, 9), (159, 23, 27, 1), (160, 6, 28, 2), 
	(161, 19, 28, 8), (162, 52, 28, 7), (163, 49, 28, 5), (164, 40, 28, 9), (165, 43, 28, 10), (166, 29, 28, 5), (167, 47, 28, 4), (168, 49, 29, 1), (169, 15, 29, 9), (170, 45, 29, 3), 
	(171, 34, 29, 4), (172, 38, 29, 7),	(173, 40, 30, 3), (174, 29, 30, 7), (175, 48, 30, 10), (176, 55, 30, 1), (177, 14, 31, 5), (178, 36, 31, 1), (179, 30, 31, 4), (180, 45, 31, 9), 
	(181, 23, 31, 8), (182, 51, 31, 2), (183, 13, 31, 7), (184, 38, 31, 2), (185, 56, 32, 4), (186, 12, 32, 2), (187, 37, 32, 9), (188, 41, 32, 7), (189, 26, 32, 2), (190, 28, 32, 9), 
	(191, 53, 33, 8), (192, 32, 33, 3), (193, 38, 33, 1), (194, 10, 33, 7), (195, 56, 33, 5), (196, 44, 33, 8), (197, 27, 33, 7), (198, 42, 34, 7), (199, 37, 34, 8), (200, 13, 34, 4), 
	(201, 54, 34, 3), (202, 46, 34, 7), (203, 3, 34, 8), (204, 53, 34, 9), (205, 11, 34, 1), (206, 36, 35, 6), (207, 45, 35, 10), (208, 26, 35, 6), (209, 56, 35, 5), (210, 25, 35, 5), 
	(211, 5, 35, 1), (212, 50, 35, 1), (213, 37, 35, 2), (214, 47, 35, 10), (215, 19, 35, 3), (216, 38, 36, 10), (217, 54, 37, 10), (218, 27, 37, 2), (219, 12, 37, 7), (220, 3, 37, 10), 
	(221, 10, 37, 8), (222, 17, 37, 6),	(223, 30, 37, 3), (224, 38, 38, 10), (225, 20, 38, 8), (226, 16, 38, 1), (227, 55, 38, 10), (228, 22, 39, 9), (229, 25, 39, 9), (230, 26, 39, 4), 
	(231, 38, 39, 8), (232, 38, 40, 8), (233, 15, 40, 9), (234, 13, 40, 8), (235, 49, 40, 3), (236, 10, 40, 2), (237, 9, 40, 1), (238, 11, 40, 9), (239, 35, 40, 1), (240, 47, 40, 10), 
	(241, 31, 41, 8), (242, 11, 41, 9), (243, 2, 41, 6), (244, 14, 41, 7), (245, 18, 41, 9), (246, 17, 41, 4), (247, 11, 42, 7), (248, 5, 42, 10), (249, 52, 42, 9), (250, 2, 42, 3),
	(251, 37, 43, 6), (252, 44, 43, 1), (253, 6, 43, 4), (254, 10, 44, 7), (255, 54, 44, 8), (256, 48, 44, 1), (257, 45, 44, 8), (258, 37, 44, 10), (259, 7, 45, 8), (260, 37, 45, 6), 
	(261, 18, 45, 2), (262, 16, 45, 6), (263, 30, 45, 1), (264, 24, 45, 2), (265, 17, 45, 5), (266, 14, 45, 2), (267, 29, 45, 1), (268, 35, 45, 10), (269, 6, 46, 1), (270, 11, 46, 2), 
	(271, 55, 46, 10), (272, 50, 46, 9), (273, 31, 46, 1), (274, 9, 46, 7), (275, 34, 46, 9), (276, 44, 46, 4), (277, 10, 47, 6), (278, 19, 47, 7), (279, 29, 47, 10), (280, 22, 47, 7), 
	(281, 1, 47, 6), (282, 44, 47, 5), (283, 17, 47, 7), (284, 50, 48, 4), (285, 31, 48, 7), (286, 23, 49, 1), (287, 22, 49, 1), (288, 7, 49, 5), (289, 50, 49, 9), (290, 55, 49, 2), 
	(291, 43, 49, 5), (292, 51, 50, 8), (293, 21, 50, 3), (294, 36, 50, 10), (295, 42, 50, 7), (296, 6, 51, 3), (297, 35, 52, 9), (298, 6, 52, 10), (299, 50, 52, 4), (300, 34, 52, 4), 
	(301, 10, 52, 8), (302, 46, 52, 7), (303, 45, 52, 8), (304, 54, 53, 9), (305, 23, 53, 1), (306, 33, 53, 8), (307, 50, 53, 8), (308, 39, 53, 1), (309, 5, 53, 1), (310, 48, 53, 6), 
	(311, 28, 53, 9), (312, 2, 53, 5), (313, 8, 53, 2), (314, 45, 54, 1), (315, 40, 54, 3), (316, 14, 54, 8), (317, 52, 54, 5), (318, 36, 54, 8), (319, 42, 54, 5), (320, 50, 54, 5), 
	(321, 32, 54, 7), (322, 29, 54, 6), (323, 26, 54, 5), (324, 24, 55, 10), (325, 18, 55, 2), (326, 49, 55, 5), (327, 26, 55, 1), (328, 31, 55, 10), (329, 42, 55, 4), (330, 3, 55, 4), 
	(331, 34, 55, 8), (332, 22, 55, 1),	(333, 54, 56, 4), (334, 42, 56, 10), (335, 21, 56, 2), (336, 1, 56, 1), (337, 50, 56, 5), (338, 23, 56, 6), (339, 27, 56, 8), (340, 52, 56, 8), 
	(341, 49, 57, 6), (342, 28, 57, 4), (343, 41, 57, 8), (344, 14, 57, 5), (345, 45, 58, 9), (346, 27, 58, 4), (347, 34, 58, 10), (348, 4, 58, 3), (349, 4, 59, 2), (350, 43, 59, 5), 
	(351, 7, 59, 7), (352, 11, 59, 6), (353, 6, 59, 8), (354, 36, 59, 8), (355, 45, 60, 6), (356, 42, 60, 8), (357, 41, 60, 8), (358, 11, 60, 6), (359, 48, 60, 1), (360, 28, 60, 7), 
	(361, 46, 60, 9), (362, 25, 60, 1), (363, 47, 60, 2), (364, 2, 60, 8), (365, 11, 61, 8), (366, 30, 61, 9), (367, 43, 61, 1), (368, 8, 61, 2), (369, 1, 61, 8), (370, 55, 61, 6), 
	(371, 24, 61, 3), (372, 7, 61, 1), (373, 4, 61, 5), (374, 6, 61, 10), (375, 32, 62, 7), (376, 1, 62, 3), (377, 18, 62, 9), (378, 27, 62, 6), (379, 6, 62, 3), (380, 11, 62, 3), 
	(381, 13, 62, 8), (382, 49, 62, 5), (383, 49, 63, 8), (384, 7, 63, 6), (385, 10, 64, 6), (386, 36, 64, 6), (387, 24, 64, 6), (388, 19, 64, 1), (389, 6, 64, 10), (390, 17, 64, 9), 
	(391, 31, 64, 1), (392, 54, 65, 9), (393, 44, 65, 3), (394, 23, 65, 9), (395, 13, 65, 1), (396, 20, 65, 8), (397, 31, 66, 4), (398, 8, 66, 10), (399, 18, 66, 10), (400, 38, 66, 3), 
	(401, 4, 66, 8), (402, 20, 66, 3), (403, 30, 66, 3), (404, 43, 66, 10), (405, 7, 66, 5), (406, 51, 67, 2), (407, 48, 67, 10), (408, 12, 67, 5), (409, 52, 67, 5), (410, 7, 68, 4), 
	(411, 11, 68, 3), (412, 6, 68, 1), (413, 19, 68, 10), (414, 49, 68, 1), (415, 34, 68, 1), (416, 38, 69, 4), (417, 27, 69, 5), (418, 8, 69, 6), (419, 20, 70, 8), (420, 40, 70, 8), 
	(421, 2, 70, 4), (422, 26, 71, 2), (423, 31, 71, 10), (424, 14, 71, 9), (425, 36, 71, 10), (426, 9, 71, 3), (427, 16, 71, 6), (428, 51, 72, 10), (429, 11, 72, 8), (430, 36, 72, 9), 
	(431, 16, 72, 2), (432, 7, 72, 1), (433, 36, 73, 5), (434, 29, 74, 1), (435, 10, 74, 6), (436, 23, 74, 2), (437, 16, 74, 2), (438, 15, 74, 6), (439, 32, 74, 10), (440, 40, 74, 2), 
	(441, 12, 74, 7), (442, 13, 74, 4), (443, 22, 75, 1), (444, 50, 75, 10), (445, 28, 76, 8), (446, 42, 76, 3), (447, 4, 76, 4), (448, 49, 76, 2), (449, 21, 76, 10), (450, 37, 76, 7), 
	(451, 12, 76, 2), (452, 10, 77, 5), (453, 14, 77, 10), (454, 47, 77, 8), (455, 54, 77, 5), (456, 45, 77, 4), (457, 1, 77, 7), (458, 25, 77, 8), (459, 15, 77, 2), (460, 56, 78, 8), 
	(461, 32, 78, 2), (462, 3, 78, 5), (463, 30, 78, 10), (464, 27, 79, 3), (465, 48, 79, 5), (466, 37, 79, 4), (467, 8, 79, 10), (468, 7, 79, 1), (469, 6, 79, 4), (470, 43, 79, 3), 
	(471, 51, 80, 9), (472, 45, 80, 3), (473, 20, 80, 8), (474, 3, 80, 6), (475, 50, 80, 8), (476, 46, 80, 1), (477, 26, 80, 3), (478, 38, 80, 2), (479, 48, 80, 4), (480, 44, 81, 2), 
	(481, 32, 81, 7), (482, 14, 81, 9), (483, 1, 81, 3), (484, 8, 81, 4), (485, 18, 81, 10), (486, 28, 81, 1), (487, 54, 81, 8), (488, 35, 81, 6), (489, 3, 82, 9), (490, 22, 82, 2), 
	(491, 24, 82, 4), (492, 35, 82, 3), (493, 50, 82, 10), (494, 18, 82, 7), (495, 44, 82, 1), (496, 4, 82, 2), (497, 23, 83, 1), (498, 34, 83, 9), (499, 17, 83, 3), (500, 22, 84, 10);

SET IDENTITY_INSERT sale_item OFF;
SET IDENTITY_INSERT purchase ON;

INSERT INTO purchase (pu_id, vendor_id, date_time) VALUES
	(1, 8, '2015-10-01 13:09:12'), (2, 6, '2015-10-11 10:14:10'), (3, 7, '2015-10-26 19:50:05'), (4, 3, '2015-11-06 18:04:12'), (5, 6, '2015-11-12 00:15:48'), (6, 1, '2015-11-23 11:55:00'), (7, 9, '2015-12-07 01:37:22'), (8, 9, '2015-12-14 18:52:50'), (9, 4, '2015-12-28 15:59:14'), (10, 6, '2016-01-11 18:31:00'), 
	(11, 8, '2016-01-19 01:10:09'), (12, 3, '2016-01-28 10:00:42'), (13, 5, '2016-02-06 05:47:14'), (14, 3, '2016-02-19 07:31:11'), (15, 3, '2016-02-27 08:35:05'), (16, 4, '2016-03-06 05:01:51'), (17, 7, '2016-03-16 00:44:58'), (18, 7, '2016-03-30 03:22:22'), (19, 8, '2016-04-06 23:55:41'), (20, 8, '2016-04-18 12:59:23'), 
	(21, 3, '2016-04-30 00:38:27'), (22, 3, '2016-05-07 01:26:18'), (23, 5, '2016-05-16 15:31:18'), (24, 5, '2016-05-30 04:30:43'), (25, 3, '2016-06-11 19:55:54'), (26, 2, '2016-06-23 14:11:09'), (27, 3, '2016-07-08 12:52:47'), (28, 6, '2016-07-17 08:20:49'), (29, 5, '2016-07-24 04:37:30'), (30, 9, '2016-08-01 08:37:36'), 
	(31, 2, '2016-08-06 17:42:00'), (32, 10, '2016-08-20 14:35:47'), (33, 5, '2016-08-29 13:24:49'), (34, 5, '2016-09-09 00:11:01'), (35, 2, '2016-09-21 17:40:21'), (36, 6, '2016-09-29 23:42:13'), (37, 3, '2016-10-08 15:11:55'), (38, 9, '2016-10-14 14:14:09'), (39, 10, '2016-10-24 19:53:22'), (40, 8, '2016-10-30 18:04:54'), 
	(41, 2, '2016-11-09 12:58:32'), (42, 10, '2016-11-17 12:26:08'), (43, 5, '2016-11-22 16:36:12'), (44, 3, '2016-12-02 20:50:46'), (45, 1, '2016-12-15 21:27:12'), (46, 7, '2016-12-30 02:58:49'), (47, 8, '2017-01-06 14:39:53'), (48, 1, '2017-01-11 22:50:50'), (49, 1, '2017-01-18 12:05:13'), (50, 5, '2017-01-30 13:47:34'), 
	(51, 8, '2017-02-11 16:01:38'), (52, 2, '2017-02-17 14:21:11'), (53, 5, '2017-03-04 10:44:08'), (54, 2, '2017-03-13 11:04:06'), (55, 2, '2017-03-26 19:50:10'), (56, 5, '2017-04-09 10:58:02'), (57, 1, '2017-04-22 12:26:12'), (58, 5, '2017-05-02 03:18:40'), (59, 10, '2017-05-08 22:08:27'), (60, 6, '2017-05-15 05:29:02'), 
	(61, 6, '2017-05-28 01:17:32'), (62, 4, '2017-06-06 00:04:18'), (63, 9, '2017-06-19 19:21:19'), (64, 7, '2017-06-29 15:28:34'), (65, 6, '2017-07-09 06:18:34'), (66, 6, '2017-07-18 10:11:52'), (67, 5, '2017-08-02 20:14:45'), (68, 7, '2017-08-15 05:46:40'), (69, 1, '2017-08-23 03:47:56'), (70, 5, '2017-08-28 14:17:06'), 
	(71, 8, '2017-09-04 20:37:43'), (72, 3, '2017-09-13 04:01:17'), (73, 7, '2017-09-28 11:32:39'), (74, 6, '2017-10-10 11:06:05'), (75, 3, '2017-10-21 00:06:50'), (76, 4, '2017-10-27 17:53:04'), (77, 1, '2017-11-06 05:04:49'), (78, 8, '2017-11-14 18:04:51'), (79, 2, '2017-11-27 05:18:02'), (80, 3, '2017-12-06 22:54:21'), 
	(81, 1, '2017-12-17 09:22:23'), (82, 2, '2017-12-27 16:28:18'), (83, 3, '2018-01-06 17:51:13'), (84, 3, '2018-01-11 07:24:06'), (85, 3, '2018-01-16 04:32:29'), (86, 7, '2018-01-26 04:31:20'), (87, 7, '2018-01-31 01:01:41'), (88, 10, '2018-02-14 20:00:02'), (89, 1, '2018-02-20 00:48:14'), (90, 8, '2018-03-07 02:16:47'), 
	(91, 1, '2018-03-16 11:47:21'), (92, 4, '2018-03-21 00:44:57'), (93, 2, '2018-04-03 10:31:36'), (94, 6, '2018-04-08 01:09:17'), (95, 1, '2018-04-21 00:59:44'), (96, 6, '2018-05-06 05:06:20'), (97, 10, '2018-05-12 23:11:45'), (98, 2, '2018-05-23 12:59:32'), (99, 5, '2018-06-02 01:16:04'), (100, 5, '2018-06-15 05:10:08'), 
	(101, 1, '2018-06-24 12:00:16'), (102, 6, '2018-07-01 10:07:57'), (103, 7, '2018-07-12 14:01:08'), (104, 2, '2018-07-25 05:39:14'), (105, 8, '2018-08-02 16:01:04'), (106, 4, '2018-08-15 17:49:50'), (107, 10, '2018-08-24 05:32:07'), (108, 4, '2018-09-04 20:42:59'), (109, 4, '2018-09-10 06:30:03'), (110, 1, '2018-09-23 08:41:10'), 
	(111, 10, '2018-10-04 15:39:18'), (112, 5, '2018-10-13 07:40:00'), (113, 3, '2018-10-18 12:54:56'), (114, 2, '2018-10-27 14:37:26'), (115, 3, '2018-11-05 07:11:30'), (116, 5, '2018-11-11 18:41:42'), (117, 6, '2018-11-24 20:07:47'), (118, 1, '2018-12-07 04:19:56'), (119, 1, '2018-12-16 13:31:28'), (120, 8, '2018-12-29 23:35:38'), 
	(121, 10, '2019-01-13 06:04:40'), (122, 10, '2019-01-21 16:33:11'), (123, 6, '2019-01-26 01:39:36'), (124, 9, '2019-02-07 07:21:35'), (125, 10, '2019-02-14 02:10:05'), (126, 9, '2019-02-23 05:01:50'), (127, 3, '2019-03-04 11:01:04'), (128, 6, '2019-03-14 17:25:10'), (129, 5, '2019-03-20 11:52:23'), (130, 10, '2019-04-01 10:07:00'), 
	(131, 3, '2019-04-07 15:11:26'), (132, 1, '2019-04-16 17:55:07'), (133, 8, '2019-04-21 10:03:33'), (134, 5, '2019-05-03 02:24:26'), (135, 9, '2019-05-11 00:13:56'), (136, 2, '2019-05-25 23:30:41'), (137, 7, '2019-06-05 23:05:11'), (138, 3, '2019-06-14 17:25:33'), (139, 2, '2019-06-20 00:42:11'), (140, 3, '2019-06-30 05:40:22'), 
	(141, 3, '2019-07-12 19:59:16'), (142, 4, '2019-07-26 18:49:20'), (143, 4, '2019-08-02 22:16:27'), (144, 1, '2019-08-12 09:43:55'), (145, 5, '2019-08-21 11:35:46'), (146, 2, '2019-08-28 19:46:14'), (147, 10, '2019-09-08 18:08:30'), (148, 5, '2019-09-18 15:22:54'), (149, 1, '2019-09-23 04:42:00'), (150, 4, '2019-10-01 22:11:12'), 
	(151, 5, '2019-10-11 23:41:22'), (152, 5, '2019-10-24 20:18:01'), (153, 1, '2019-11-03 21:52:34'), (154, 4, '2019-11-16 19:32:17'), (155, 1, '2019-11-21 01:18:51'), (156, 10, '2019-12-06 13:43:40'), (157, 1, '2019-12-12 15:56:12'), (158, 5, '2019-12-18 08:43:38'), (159, 2, '2020-01-02 17:55:54'), (160, 7, '2020-01-08 14:45:56'), 
	(161, 2, '2020-01-16 01:08:08'), (162, 3, '2020-01-24 10:32:50'), (163, 4, '2020-02-02 00:13:26'), (164, 5, '2020-02-07 09:53:24'), (165, 6, '2020-02-22 00:44:28'), (166, 10, '2020-03-06 12:17:24'), (167, 3, '2020-03-17 11:10:10'), (168, 3, '2020-03-28 19:18:15'), (169, 6, '2020-04-08 16:11:21'), (170, 2, '2020-04-17 23:02:59'), 
	(171, 7, '2020-04-22 08:51:35'), (172, 1, '2020-04-27 09:53:46'), (173, 7, '2020-05-05 19:18:55'), (174, 1, '2020-05-18 14:42:44'), (175, 1, '2020-05-31 04:39:34'), (176, 6, '2020-06-15 09:30:28'), (177, 5, '2020-06-29 02:16:52'), (178, 8, '2020-07-07 16:55:23'), (179, 5, '2020-07-17 02:49:11'), (180, 9, '2020-07-26 12:58:24'); 

SET IDENTITY_INSERT purchase OFF;
SET IDENTITY_INSERT purchase_item ON;

INSERT INTO purchase_item (pi_id, product_id, purchase_id, price, quantity) 
VALUES
	(1, 47, 1, 75, 58), (2, 2, 1, 37, 62), (3, 48, 1, 94, 29), (4, 29, 1, 28, 93), (5, 34, 1, 93, 28), (6, 56, 1, 103, 18), (7, 31, 1, 47, 38), (8, 32, 1, 63, 32), (9, 18, 1, 55, 58), (10, 13, 1, 81, 46), 
	(11, 46, 2, 57, 95), (12, 25, 2, 54, 96), (13, 56, 2, 104, 53), (14, 33, 2, 64, 26), (15, 35, 2, 116, 40), (16, 4, 2, 62, 29), (17, 50, 2, 24, 37), (18, 7, 2, 113, 84), (19, 37, 2, 33, 97), (20, 19, 2, 72, 18), 
	(21, 11, 2, 53, 73), (22, 14, 2, 117, 58), (23, 18, 2, 63, 70), (24, 53, 2, 54, 41), (25, 13, 2, 81, 20), (26, 25, 3, 52, 91), (27, 17, 3, 41, 54), (28, 42, 3, 99, 17), (29, 1, 3, 24, 54), (30, 41, 3, 89, 91), 
	(31, 50, 3, 25, 42), (32, 36, 3, 25, 26), (33, 21, 3, 104, 49), (34, 16, 3, 37, 69), (35, 8, 3, 24, 64), (36, 4, 3, 59, 51), (37, 45, 3, 44, 84), (38, 14, 3, 116, 27), (39, 4, 4, 57, 84), (40, 22, 4, 29, 40), 
	(41, 51, 4, 37, 74), (42, 15, 4, 29, 45), (43, 44, 4, 38, 65), (44, 31, 4, 42, 90), (45, 52, 4, 46, 94), (46, 7, 4, 103, 71), (47, 16, 4, 33, 67), (48, 39, 4, 55, 41), (49, 27, 4, 94, 24), (50, 49, 4, 102, 33), 
	(51, 2, 4, 38, 86), (52, 54, 4, 78, 84), (53, 21, 4, 114, 19), (54, 35, 4, 111, 44), (55, 37, 4, 36, 10), (56, 13, 4, 90, 19), (57, 55, 4, 79, 56), (58, 36, 4, 25, 77), (59, 46, 4, 64, 38), (60, 19, 4, 66, 29), 
	(61, 8, 4, 24, 36), (62, 3, 4, 44, 81), (63, 47, 4, 67, 41), (64, 40, 4, 76, 63), (65, 30, 4, 38, 19), (66, 1, 4, 26, 60), (67, 32, 4, 64, 88), (68, 18, 4, 63, 67), (69, 38, 5, 42, 19), (70, 24, 5, 44, 44), 
	(71, 25, 5, 58, 33), (72, 16, 5, 32, 25), (73, 37, 6, 39, 39), (74, 14, 6, 106, 13), (75, 11, 6, 62, 46), (76, 46, 6, 53, 46), (77, 4, 6, 57, 76), (78, 17, 6, 49, 33), (79, 40, 7, 76, 60), (80, 21, 7, 96, 33), 
	(81, 46, 7, 55, 21), (82, 14, 7, 106, 52), (83, 37, 7, 39, 65), (84, 27, 7, 92, 10), (85, 5, 7, 64, 52), (86, 16, 7, 32, 44), (87, 51, 7, 33, 70), (88, 42, 7, 117, 86), (89, 11, 8, 63, 65), (90, 53, 8, 54, 90), 
	(91, 10, 8, 40, 88), (92, 29, 8, 26, 81), (93, 38, 8, 42, 22), (94, 22, 8, 29, 38), (95, 32, 8, 55, 68), (96, 3, 8, 43, 52), (97, 24, 8, 44, 62), (98, 21, 8, 99, 81), (99, 37, 8, 34, 72), (100, 36, 8, 25, 19), 
	(101, 20, 8, 91, 84), (102, 6, 8, 88, 69), (103, 17, 8, 42, 80), (104, 28, 8, 102, 15), (105, 48, 8, 92, 35), (106, 46, 8, 60, 55), (107, 45, 8, 43, 55), (108, 32, 9, 64, 22), (109, 34, 9, 87, 38), (110, 48, 9, 88, 34), 
	(111, 12, 9, 68, 23), (112, 29, 9, 27, 19), (113, 50, 9, 28, 16), (114, 13, 9, 76, 46), (115, 30, 9, 36, 93), (116, 54, 9, 65, 53), (117, 27, 9, 81, 77), (118, 5, 9, 73, 23), (119, 4, 9, 64, 16), (120, 52, 9, 47, 60), 
	(121, 31, 10, 45, 44), (122, 37, 10, 32, 29), (123, 4, 10, 60, 17), (124, 23, 10, 33, 82), (125, 2, 10, 33, 59), (126, 16, 10, 37, 42), (127, 52, 10, 41, 97), (128, 35, 10, 97, 64), (129, 5, 10, 74, 63), (130, 32, 10, 55, 87), 
	(131, 15, 10, 25, 54), (132, 56, 10, 101, 83), (133, 34, 10, 89, 77), (134, 19, 10, 76, 74), (135, 9, 10, 35, 47), (136, 51, 10, 33, 89), (137, 49, 10, 119, 13), (138, 38, 10, 44, 80), (139, 41, 10, 85, 38), (140, 8, 10, 28, 95), 
	(141, 26, 10, 71, 28), (142, 13, 10, 83, 31), (143, 39, 10, 52, 35), (144, 55, 10, 87, 56), (145, 50, 10, 25, 42), (146, 27, 10, 92, 28), (147, 30, 10, 37, 62), (148, 48, 10, 79, 55), (149, 11, 10, 64, 79), (150, 3, 10, 45, 11), 
	(151, 20, 10, 89, 52), (152, 24, 10, 40, 84), (153, 33, 10, 74, 38), (154, 54, 10, 64, 97), (155, 53, 10, 53, 42), (156, 18, 10, 57, 98), (157, 40, 10, 75, 36), (158, 28, 10, 116, 68), (159, 7, 10, 96, 30), (160, 44, 10, 32, 77), 
	(161, 46, 10, 58, 44), (162, 6, 10, 84, 15), (163, 1, 10, 27, 78), (164, 43, 10, 27, 80), (165, 25, 10, 64, 85), (166, 21, 10, 116, 24), (167, 13, 11, 78, 39), (168, 42, 11, 110, 67), (169, 47, 11, 66, 11), (170, 2, 11, 38, 64), 
	(171, 20, 11, 82, 16), (172, 3, 11, 40, 24), (173, 27, 11, 92, 94), (174, 25, 11, 58, 21), (175, 6, 11, 92, 82), (176, 18, 11, 60, 84), (177, 41, 11, 88, 100), (178, 7, 11, 112, 34), (179, 39, 11, 54, 62), (180, 9, 11, 34, 42), 
	(181, 4, 11, 57, 32), (182, 15, 11, 24, 77), (183, 19, 11, 68, 75), (184, 50, 11, 24, 29), (185, 32, 11, 57, 49), (186, 23, 11, 32, 19), (187, 34, 11, 80, 41), (188, 45, 11, 43, 64), (189, 26, 11, 66, 27), (190, 54, 11, 64, 93), 
	(191, 55, 11, 77, 57), (192, 49, 11, 101, 99), (193, 53, 11, 52, 48), (194, 17, 11, 45, 87), (195, 35, 11, 96, 64), (196, 50, 12, 29, 22), (197, 31, 12, 49, 59), (198, 6, 12, 85, 40), (199, 10, 12, 44, 94), (200, 39, 12, 59, 35), 
	(201, 1, 12, 27, 42), (202, 9, 12, 33, 11), (203, 18, 12, 57, 22), (204, 32, 12, 52, 69), (205, 8, 12, 26, 11), (206, 29, 12, 27, 31), (207, 13, 12, 86, 45), (208, 19, 12, 71, 64), (209, 45, 12, 47, 22), (210, 4, 12, 53, 72), 
	(211, 23, 12, 37, 45), (212, 3, 12, 42, 58), (213, 25, 12, 59, 51), (214, 52, 12, 47, 23), (215, 38, 12, 45, 35), (216, 49, 12, 100, 77), (217, 41, 12, 88, 33), (218, 30, 12, 38, 37), (219, 48, 12, 88, 25), (220, 26, 12, 78, 67), 
	(221, 27, 12, 76, 68), (222, 54, 12, 69, 14), (223, 5, 12, 74, 81), (224, 11, 12, 57, 14), (225, 47, 12, 74, 25), (226, 15, 12, 29, 46), (227, 40, 12, 74, 47), (228, 7, 12, 111, 97), (229, 28, 12, 98, 86), (230, 20, 12, 78, 88), 
	(231, 56, 12, 105, 18), (232, 14, 12, 111, 84), (233, 2, 12, 33, 38), (234, 44, 12, 39, 13), (235, 55, 12, 80, 100), (236, 22, 12, 29, 23), (237, 34, 12, 78, 13), (238, 37, 12, 36, 74), (239, 43, 12, 25, 58), (240, 46, 12, 60, 83), 
	(241, 36, 12, 26, 62), (242, 14, 13, 96, 21), (243, 39, 13, 54, 17), (244, 31, 13, 49, 48), (245, 53, 13, 56, 19), (246, 54, 13, 65, 40), (247, 56, 13, 110, 56), (248, 7, 13, 96, 81), (249, 10, 13, 49, 70), (250, 6, 13, 82, 35),
	(251, 11, 13, 54, 27), (252, 35, 13, 106, 65), (253, 55, 13, 92, 37), (254, 26, 13, 78, 84), (255, 27, 13, 77, 94), (256, 51, 13, 37, 75), (257, 9, 13, 33, 99), (258, 15, 13, 26, 68), (259, 18, 13, 54, 80), (260, 34, 13, 76, 69), 
	(261, 43, 13, 25, 57), (262, 29, 13, 25, 95), (263, 13, 13, 91, 86), (264, 37, 13, 32, 88), (265, 25, 13, 54, 27), (266, 23, 13, 37, 10), (267, 40, 13, 64, 50), (268, 2, 13, 38, 11), (269, 47, 13, 65, 58), (270, 38, 13, 48, 17), 
	(271, 36, 13, 29, 22), (272, 41, 13, 80, 52), (273, 1, 13, 29, 27), (274, 45, 13, 41, 85), (275, 8, 13, 26, 18), (276, 52, 13, 47, 66), (277, 5, 13, 77, 83), (278, 50, 13, 26, 68), (279, 16, 13, 37, 54), (280, 22, 13, 25, 58), 
	(281, 21, 13, 106, 100), (282, 12, 13, 78, 59), (283, 19, 13, 74, 72), (284, 17, 13, 41, 95), (285, 3, 13, 40, 23), (286, 46, 13, 56, 76), (287, 44, 13, 32, 90), (288, 33, 13, 74, 96), (289, 30, 13, 35, 87), (290, 12, 14, 67, 87), 
	(291, 33, 14, 71, 29), (292, 8, 14, 27, 84), (293, 45, 14, 44, 74), (294, 39, 14, 62, 35), (295, 14, 14, 111, 98), (296, 28, 14, 102, 12), (297, 25, 14, 57, 78), (298, 29, 14, 29, 55), (299, 10, 14, 48, 57), (300, 13, 14, 88, 98), 
	(301, 34, 14, 89, 44), (302, 22, 14, 28, 52), (303, 19, 14, 69, 89), (304, 6, 14, 85, 14), (305, 43, 14, 24, 78), (306, 1, 14, 28, 39), (307, 46, 14, 63, 69), (308, 42, 14, 108, 81), (309, 35, 14, 114, 13), (310, 54, 14, 67, 34), 
	(311, 51, 14, 35, 20), (312, 30, 14, 33, 11), (313, 23, 14, 36, 13), (314, 32, 14, 62, 26), (315, 41, 14, 82, 66), (316, 49, 14, 107, 86), (317, 15, 14, 29, 55), (318, 40, 14, 72, 41), (319, 4, 14, 59, 27), (320, 3, 14, 40, 10), 
	(321, 26, 14, 68, 45), (322, 56, 14, 117, 22), (323, 7, 14, 96, 56), (324, 27, 14, 76, 38), (325, 44, 14, 37, 53), (326, 55, 14, 94, 34), (327, 49, 15, 111, 68), (328, 22, 15, 25, 73), (329, 14, 15, 98, 48), (330, 50, 15, 24, 79), 
	(331, 54, 15, 68, 55), (332, 4, 15, 62, 29), (333, 17, 15, 47, 57), (334, 27, 15, 81, 35), (335, 46, 15, 58, 92), (336, 47, 15, 69, 27), (337, 37, 15, 39, 57), (338, 28, 15, 118, 12), (339, 42, 15, 105, 27), (340, 25, 15, 64, 29), 
	(341, 1, 15, 27, 98), (342, 10, 15, 46, 57), (343, 21, 15, 104, 60), (344, 53, 15, 59, 49), (345, 34, 15, 83, 63), (346, 51, 15, 35, 78), (347, 8, 16, 24, 86), (348, 49, 16, 108, 21), (349, 14, 16, 105, 95), (350, 13, 16, 80, 21), 
	(351, 53, 16, 52, 71), (352, 51, 17, 35, 69), (353, 15, 17, 25, 77), (354, 30, 17, 36, 53), (355, 21, 17, 96, 33), (356, 54, 17, 78, 17), (357, 4, 17, 57, 45), (358, 33, 17, 67, 96), (359, 35, 17, 116, 19), (360, 7, 17, 119, 94), 
	(361, 29, 17, 25, 44), (362, 40, 17, 66, 61), (363, 32, 17, 58, 53), (364, 39, 17, 54, 84), (365, 55, 17, 84, 37), (366, 34, 17, 81, 46), (367, 38, 17, 42, 14), (368, 23, 17, 39, 35), (369, 9, 17, 34, 70), (370, 6, 17, 93, 46), 
	(371, 8, 17, 28, 100), (372, 45, 17, 44, 53), (373, 41, 17, 88, 63), (374, 10, 17, 48, 55), (375, 11, 17, 55, 92), (376, 56, 17, 112, 76), (377, 31, 17, 49, 47), (378, 14, 17, 100, 23), (379, 52, 17, 42, 17), (380, 37, 17, 38, 84), 
	(381, 46, 17, 55, 95), (382, 53, 17, 52, 37), (383, 19, 17, 77, 49), (384, 22, 17, 26, 14), (385, 17, 17, 40, 64), (386, 2, 17, 34, 37), (387, 32, 18, 61, 54), (388, 50, 18, 26, 88), (389, 51, 18, 37, 92), (390, 33, 18, 78, 70), 
	(391, 8, 18, 29, 10), (392, 34, 18, 83, 16), (393, 55, 18, 77, 44), (394, 13, 18, 78, 36), (395, 19, 18, 77, 26), (396, 47, 18, 74, 84), (397, 5, 18, 76, 57), (398, 28, 18, 114, 60), (399, 37, 18, 36, 48), (400, 12, 18, 76, 96), 
	(401, 18, 18, 58, 16), (402, 48, 18, 80, 50), (403, 30, 18, 32, 75), (404, 7, 18, 101, 20), (405, 15, 18, 25, 37), (406, 10, 18, 48, 33), (407, 53, 18, 63, 38), (408, 44, 18, 37, 72), (409, 39, 18, 53, 15), (410, 45, 18, 47, 53), 
	(411, 14, 18, 108, 99), (412, 40, 18, 77, 96), (413, 54, 18, 66, 41), (414, 38, 18, 46, 33), (415, 22, 18, 28, 93), (416, 36, 18, 24, 78), (417, 20, 18, 89, 64), (418, 16, 18, 37, 76), (419, 3, 18, 43, 64), (420, 41, 18, 84, 89), 
	(421, 56, 18, 103, 92), (422, 2, 18, 36, 37), (423, 11, 18, 59, 66), (424, 23, 19, 33, 68), (425, 7, 20, 99, 82), (426, 48, 20, 81, 92), (427, 24, 20, 42, 27), (428, 10, 20, 40, 10), (429, 38, 20, 47, 57), (430, 12, 20, 65, 88), 
	(431, 41, 20, 79, 54), (432, 14, 20, 102, 55), (433, 35, 20, 104, 83), (434, 54, 20, 78, 39), (435, 20, 20, 84, 54), (436, 32, 20, 60, 92), (437, 52, 20, 43, 57), (438, 16, 20, 38, 41), (439, 47, 20, 78, 13), (440, 45, 20, 46, 100), 
	(441, 46, 20, 58, 76), (442, 39, 20, 56, 99), (443, 36, 20, 29, 75), (444, 43, 20, 29, 15), (445, 31, 20, 44, 98), (446, 30, 20, 39, 77), (447, 6, 20, 94, 77), (448, 28, 20, 100, 58), (449, 1, 20, 25, 34), (450, 40, 20, 75, 43), 
	(451, 11, 20, 59, 90), (452, 2, 20, 35, 41), (453, 37, 20, 35, 69), (454, 19, 20, 74, 70), (455, 17, 20, 47, 71), (456, 5, 20, 71, 75), (457, 34, 20, 83, 84), (458, 15, 20, 26, 95), (459, 8, 20, 26, 92), (460, 51, 20, 35, 82), 
	(461, 3, 20, 40, 44), (462, 18, 20, 58, 48), (463, 22, 20, 25, 68), (464, 13, 20, 93, 30), (465, 49, 20, 108, 68), (466, 56, 20, 118, 89), (467, 33, 20, 74, 100), (468, 25, 20, 55, 17), (469, 23, 20, 33, 31), (470, 21, 20, 109, 34), 
	(471, 55, 20, 92, 14), (472, 29, 20, 25, 21), (473, 42, 20, 100, 84), (474, 26, 20, 68, 42), (475, 9, 20, 37, 83), (476, 50, 20, 26, 33), (477, 39, 21, 62, 46), (478, 8, 21, 27, 30), (479, 34, 21, 86, 21), (480, 8, 22, 25, 84), 
	(481, 14, 22, 110, 96), (482, 51, 22, 37, 80), (483, 37, 22, 35, 45), (484, 4, 22, 64, 87), (485, 22, 22, 24, 90), (486, 30, 22, 35, 99), (487, 40, 22, 71, 56), (488, 18, 22, 56, 20), (489, 31, 22, 44, 91), (490, 32, 22, 58, 70), 
	(491, 15, 22, 28, 56), (492, 9, 22, 34, 44), (493, 16, 23, 39, 51), (494, 41, 23, 81, 97), (495, 19, 23, 74, 57), (496, 34, 23, 85, 24), (497, 44, 23, 36, 94), (498, 29, 23, 26, 93), (499, 4, 23, 52, 60), (500, 39, 23, 63, 81);

SET IDENTITY_INSERT purchase_item OFF;


SELECT * FROM vendor;
SELECT * FROM product_brand;
SELECT * FROM product_category;
SELECT * FROM product;
SELECT * FROM employee;
SELECT * FROM salary_list;
SELECT * FROM sale;
SELECT * FROM sale_item;
SELECT * FROM purchase;
SELECT * FROM purchase_item;


